record_id,evidence_date,evidence_date_descriptive,large_area,small_area,scientific_name,common_name,id_quality,evidence_type,collision_evidence,strike_result,other_info,vessel_type,scientific_name_clean,species_status,species_analysis_name,id_quality_clean,analysis_confidence,evidence_type_clean,evidence_context,strike_result_clean,outcome_known,fatal_outcome,fatal_label,vessel_type_clean,vessel_category,large_area_clean,ocean_basin,date_description_clean,date_precision,year_start,year_end,analysis_year,year_source,analysis_decade,include_species_frequency,include_species_fatality,include_confirmed_species,include_vessel_outcome,include_region_outcome
1,2004-12-10T00:00:00Z,NA,Pacific Ocean - South,Ecuador,Balaenoptera omurai,Omura’s whale,Confirmed,Collision,Fresh carcass; skin mostly intact. Massive haematoma on flank,Death,Félix confirmed firsthand antemortem strike; examined whale on bow at Guayaquil port. See Félix and Van Waerebeek. Ship speed dropped from 18.5 to 16.8 kn without obvious reason until whale was found.,Container ship,Balaenoptera omurai,Identified to species,Balaenoptera omurai,Confirmed,Confirmed identification,Collision,Reported collision,Death,TRUE,1,Fatal,Container ship,Cargo or tanker,Pacific Ocean - South,Pacific Ocean,NA,Exact date,2004,2004,2004,Exact date,2000s,TRUE,TRUE,TRUE,TRUE,TRUE
2,NA,1992,Atlantic Ocean - South,Southern Brazil,Eubalaena australis,southern right whale,Indeterminate,Collision,NA,NA,Collided with trawler,Not known,Eubalaena australis,Identified to species,Eubalaena australis,Indeterminate,Not confirmed or missing,Collision,Reported collision,Unknown,FALSE,NA,Unknown outcome,Unknown,Unknown,Atlantic Ocean - South,Atlantic Ocean,1992,Descriptive year,1992,1992,1992,Descriptive date,1990s,TRUE,FALSE,FALSE,FALSE,FALSE
3,NA,August 1989,Pacific Ocean - South,"Between mainland and Galapagos, Ecuador",NA,Unidentified large whale,Indeterminate,Collision,Damage to sailboat,Not known,Sailboat struck. See Félix and Van Waerebeek 2005,Not known,NA,Missing scientific name,NA,Indeterminate,Not confirmed or missing,Collision,Reported collision,Unknown,FALSE,NA,Unknown outcome,Unknown,Unknown,Pacific Ocean - South,Pacific Ocean,august 1989,Descriptive year,1989,1989,1989,Descriptive date,1980s,FALSE,FALSE,FALSE,FALSE,FALSE
4,NA,August 2001,Pacific Ocean - South,"Near La Plata Island, Ecuador",Megaptera novaeangliae,humpback whale,Confirmed,Collision,Direct observation from fishing boat,Not known,Collision with Ecuador open fishing boat,Open fishing boat,Megaptera novaeangliae,Identified to species,Megaptera novaeangliae,Confirmed,Confirmed identification,Collision,Reported collision,Unknown,FALSE,NA,Unknown outcome,Open fishing boat,Fishing or whaling,Pacific Ocean - South,Pacific Ocean,august 2001,Descriptive year,2001,2001,2001,Descriptive date,2000s,TRUE,FALSE,TRUE,FALSE,FALSE
5,1993-09-11T00:00:00Z,NA,Pacific Ocean - South,"Outer Waitemata harbour, New Zealand",Orcinus orca,killer whale,Confirmed,Collision,"Direct observation, animal hit by propeller",Death,Boat propeller strikes juvenile killer whale and presumably kills it,Not known,Orcinus orca,Identified to species,Orcinus orca,Confirmed,Confirmed identification,Collision,Reported collision,Death,TRUE,1,Fatal,Unknown,Unknown,Pacific Ocean - South,Pacific Ocean,NA,Exact date,1993,1993,1993,Exact date,1990s,TRUE,TRUE,TRUE,FALSE,TRUE
6,1995-02-16T00:00:00Z,NA,Pacific Ocean - South,"Tweed River, New South Wales, Australia",Tursiops truncatus,Common bottlenose dolphin,Unconfirmed,Collision,Direct observation,Severe external visible injury,"T. truncatus (adult female) hit by propeller Gill Slocum and Phillip Tracey, Gov. Australia",Open fishing boat,Tursiops truncatus,Identified to species,Tursiops truncatus,Unconfirmed,Not confirmed or missing,Collision,Reported collision,Severe injury,TRUE,0,Non-fatal known outcome,Open fishing boat,Fishing or whaling,Pacific Ocean - South,Pacific Ocean,NA,Exact date,1995,1995,1995,Exact date,1990s,TRUE,TRUE,FALSE,TRUE,TRUE
7,2001-06-22T00:00:00Z,NA,Pacific Ocean - South,"Lower Hawesbury R., New South Wales, Australia",Megaptera novaeangliae,humpback whale,Confirmed,Collision,Direct observation,Not known,"Seriously wounded humpback whale in Australia. Gill Slocum and Phillip Tracey, Gov. of Australia",Open fishing boat,Megaptera novaeangliae,Identified to species,Megaptera novaeangliae,Confirmed,Confirmed identification,Collision,Reported collision,Unknown,FALSE,NA,Unknown outcome,Open fishing boat,Fishing or whaling,Pacific Ocean - South,Pacific Ocean,NA,Exact date,2001,2001,2001,Exact date,2000s,TRUE,FALSE,TRUE,FALSE,FALSE
8,2004-11-12T00:00:00Z,NA,Pacific Ocean - South,"E.side of Bruny I. between Bull Bay and Yellow Bluff, Australia",Unidentified cetacean,NA,Indeterminate,Collision,Direct observation. Whale was hit by 6m dinghy with 70hp engine,Indeterminate visible injury,Whale hit by aluminium dinghy,Dinghy,Unidentified cetacean,Unidentified cetacean,NA,Indeterminate,Not confirmed or missing,Collision,Reported collision,Indeterminate injury,TRUE,0,Non-fatal known outcome,Dinghy,Recreational or small craft,Pacific Ocean - South,Pacific Ocean,NA,Exact date,2004,2004,2004,Exact date,2000s,FALSE,FALSE,FALSE,TRUE,TRUE
9,NA,1877,Atlantic Ocean - North,"Narragansett Bay, Rhode Island, USA",NA,Unidentified small whale,Indeterminate,Collision,"The captain reported that ‘‘by some curious accident’’ a small whale, possibly a minke whale or small fin whale, became caught between the ship’s propeller and stern while the ship lay at dock (Laist et al 2001)",Death,"A small whale, possibly a minke whale or small fin whale, became caught between the ship’s propeller and stern while the ship lay at dock. When engine started, whale was mortally injured by propeller",Motor yacht (unknown size),NA,Missing scientific name,NA,Indeterminate,Not confirmed or missing,Collision,Reported collision,Death,TRUE,1,Fatal,Motor yacht (unknown size),Recreational or small craft,Atlantic Ocean - North,Atlantic Ocean,1877,Descriptive year,1877,1877,1877,Descriptive date,1870s,FALSE,FALSE,FALSE,TRUE,TRUE
10,NA,June 1904,Atlantic Ocean - North,"New England, USA",Unidentified cetacean,NA,Indeterminate,Collision,NA,NA,"Sail vessel strikes a whale in New England, 1904. Allen (1916) mentioned by Laist et al. (2001)",Sailing yacht (unknown size),Unidentified cetacean,Unidentified cetacean,NA,Indeterminate,Not confirmed or missing,Collision,Reported collision,Unknown,FALSE,NA,Unknown outcome,Sailing yacht (unknown size),Recreational or small craft,Atlantic Ocean - North,Atlantic Ocean,june 1904,Descriptive year,1904,1904,1904,Descriptive date,1900s,FALSE,FALSE,FALSE,FALSE,FALSE
11,NA,May 1885,Atlantic Ocean - North,"US East Coast, 32 km East of Nantucket, USA",NA,Unidentified large whale,Indeterminate,Collision,NA,Not known,"The vessel’s port bow suddenly collided with a large whale (Original report from a newspaper). Looking back they saw the whale rolling about as if in distress. Allen (1916), cited in Table 1 and 2 in Laist et al. 2001",Motor yacht (unknown size),NA,Missing scientific name,NA,Indeterminate,Not confirmed or missing,Collision,Reported collision,Unknown,FALSE,NA,Unknown outcome,Motor yacht (unknown size),Recreational or small craft,Atlantic Ocean - North,Atlantic Ocean,may 1885,Descriptive year,1885,1885,1885,Descriptive date,1880s,FALSE,FALSE,FALSE,FALSE,FALSE
12,NA,1896,Atlantic Ocean - North,"Off Sandy Hook, New Jersey, USA",Physeter macrocephalus,sperm whale,Unconfirmed,Collision,See Schmitt (1979),Death,"Probable sperm whale killed off Sandy Hook, NJ in 1896. Schmitt (1979), cited by Laist et al. (2001)",Passenger vessel,Physeter macrocephalus,Identified to species,Physeter macrocephalus,Unconfirmed,Not confirmed or missing,Collision,Reported collision,Death,TRUE,1,Fatal,Passenger vessel,Passenger or ferry,Atlantic Ocean - North,Atlantic Ocean,1896,Descriptive year,1896,1896,1896,Descriptive date,1890s,TRUE,TRUE,FALSE,TRUE,TRUE
13,NA,1903,Atlantic Ocean - North,"Placentia Bay, Newfoundland, Canada",Unidentified cetacean,NA,Indeterminate,Collision,See Allen (1916) cited by Laist et al. (2001),Not known,Unidentified whale hit steamship in Newfoundland (1903). See Allen (1916) cited by Laist et al. (2001),Motor yacht (unknown size),Unidentified cetacean,Unidentified cetacean,NA,Indeterminate,Not confirmed or missing,Collision,Reported collision,Unknown,FALSE,NA,Unknown outcome,Motor yacht (unknown size),Recreational or small craft,Atlantic Ocean - North,Atlantic Ocean,1903,Descriptive year,1903,1903,1903,Descriptive date,1900s,FALSE,FALSE,FALSE,FALSE,FALSE
14,NA,1904,NA,NA,Unidentified cetacean,NA,Indeterminate,Collision,NA,Not known,Collision with unidentified whale in Atlantic Ocean. Anonymous report cited by Laist et al. (2001),Passenger vessel,Unidentified cetacean,Unidentified cetacean,NA,Indeterminate,Not confirmed or missing,Collision,Reported collision,Unknown,FALSE,NA,Unknown outcome,Passenger vessel,Passenger or ferry,Unknown,Unknown,1904,Descriptive year,1904,1904,1904,Descriptive date,1900s,FALSE,FALSE,FALSE,FALSE,FALSE
15,NA,1908,Atlantic Ocean - North,"Off Newfoundland, Canada",Unidentified cetacean,NA,Indeterminate,Collision,See Schmitt (1979) cited by Laist et al. (2001),Death,A whale probably killed by collision off Newfoundland in 1908.Schmitt (1979) cited by Laist et al. (2001),Passenger vessel,Unidentified cetacean,Unidentified cetacean,NA,Indeterminate,Not confirmed or missing,Collision,Reported collision,Death,TRUE,1,Fatal,Passenger vessel,Passenger or ferry,Atlantic Ocean - North,Atlantic Ocean,1908,Descriptive year,1908,1908,1908,Descriptive date,1900s,FALSE,FALSE,FALSE,TRUE,TRUE
16,NA,1908,Atlantic Ocean - North,"Off Newfoundland, Canada",Unidentified cetacean,NA,Indeterminate,Collision,Anonymous report cited by Laist et al. (2001),Death,Unidentified whale killed by liner in Newfoundland in 1908. Anonymous report cited by Laist et al. (2001),Passenger vessel,Unidentified cetacean,Unidentified cetacean,NA,Indeterminate,Not confirmed or missing,Collision,Reported collision,Death,TRUE,1,Fatal,Passenger vessel,Passenger or ferry,Atlantic Ocean - North,Atlantic Ocean,1908,Descriptive year,1908,1908,1908,Descriptive date,1900s,FALSE,FALSE,FALSE,TRUE,TRUE
17,NA,1910,Atlantic Ocean - North,Not known,Unidentified cetacean,NA,Indeterminate,Collision,Anonymous report cited by Laist et al. (2001),Death,Unidentified whale killed by a steamship in the North Atlantic in 1910. Anonymous report cited by Laist et al. (2001),Motor yacht (unknown size),Unidentified cetacean,Unidentified cetacean,NA,Indeterminate,Not confirmed or missing,Collision,Reported collision,Death,TRUE,1,Fatal,Motor yacht (unknown size),Recreational or small craft,Atlantic Ocean - North,Atlantic Ocean,1910,Descriptive year,1910,1910,1910,Descriptive date,1910s,FALSE,FALSE,FALSE,TRUE,TRUE
18,NA,1913,Atlantic Ocean - North,"Off Newfoundland, Canada",Unidentified cetacean,NA,Indeterminate,Collision,"Waldimir Reitz hit a whale head-on ‘‘knocking a four-foot hole in the [ship’s] bow.’’ Allen (1916), cited by Laist et al. (2001)",Not known,Unidentified whale struck by a cargo ship off Newfoundland in 1913 (Laist et al. 2001),General Cargo,Unidentified cetacean,Unidentified cetacean,NA,Indeterminate,Not confirmed or missing,Collision,Reported collision,Unknown,FALSE,NA,Unknown outcome,General cargo,Cargo or tanker,Atlantic Ocean - North,Atlantic Ocean,1913,Descriptive year,1913,1913,1913,Descriptive date,1910s,FALSE,FALSE,FALSE,FALSE,FALSE
19,NA,1912-1915,Atlantic Ocean - North,"Off East Coast, USA",Unidentified cetacean,NA,Indeterminate,Collision,Allen (1916) cited by Laist et al. (2001),Death,Unidentified whale killed by a steamship off U.S. East coast. Allen (1916) cited by Laist et al. (2001),Motor yacht (unknown size),Unidentified cetacean,Unidentified cetacean,NA,Indeterminate,Not confirmed or missing,Collision,Reported collision,Death,TRUE,1,Fatal,Motor yacht (unknown size),Recreational or small craft,Atlantic Ocean - North,Atlantic Ocean,1912-1915,Date range,1912,1915,NA,No single usable year,NA,FALSE,FALSE,FALSE,TRUE,TRUE
20,NA,1926,Atlantic Ocean - North,Unknown,Unidentified cetacean,NA,Indeterminate,Collision,See Schmitt (1979) cited by Laist et al. (2001),Death,Unidentified whale killed by a liner in the North Atlantic in 1926. Schmitt (1979) cited by Laist et al. (2001),Passenger vessel,Unidentified cetacean,Unidentified cetacean,NA,Indeterminate,Not confirmed or missing,Collision,Reported collision,Death,TRUE,1,Fatal,Passenger vessel,Passenger or ferry,Atlantic Ocean - North,Atlantic Ocean,1926,Descriptive year,1926,1926,1926,Descriptive date,1920s,FALSE,FALSE,FALSE,TRUE,TRUE
21,NA,Mid 1930s,Pacific Ocean - South,"Near Raratonga, Cook Islands",Unidentified cetacean,NA,Indeterminate,Collision,"Source: William C. Cummings, unpublished data held by the Marine Mammal Commission, 4340 East-West Highway, Rm. 905, Bethesda, Maryland, 20814, U.S.A. 28 April 1999",Death,"Unidentified whale killed by steamship near Raratonga, South Pacific (Laist et al. 2001)",Not known,Unidentified cetacean,Unidentified cetacean,NA,Indeterminate,Not confirmed or missing,Collision,Reported collision,Death,TRUE,1,Fatal,Unknown,Unknown,Pacific Ocean - South,Pacific Ocean,mid 1930s,Decade only,1930,1939,NA,No single usable year,NA,FALSE,FALSE,FALSE,FALSE,TRUE
22,NA,1940,Atlantic Ocean - North,"Off Cape Hatteras, North Carolina, US East Coast",NA,Unidentified large baleen whale,Indeterminate,Collision,See Laist et al. (2001),Death,"Baleen whale killed by a tanker off Cape Hatteras (From local newspaper, cited by Laist et al. 2001)",Oil Tanker,NA,Missing scientific name,NA,Indeterminate,Not confirmed or missing,Collision,Reported collision,Death,TRUE,1,Fatal,Oil tanker,Cargo or tanker,Atlantic Ocean - North,Atlantic Ocean,1940,Descriptive year,1940,1940,1940,Descriptive date,1940s,FALSE,FALSE,FALSE,TRUE,TRUE
23,NA,1940-1945,Atlantic Ocean - North,Unknown,Physeter macrocephalus,sperm whale,Confirmed,Collision,See Slijper (1962) cited by Laist et al. (2001),Death,"Sperm whale killed by U.S. destroyer in the North Atlantic (1940 - 1945), Slijper (1962) cited by Laist et al. (2001)",Naval vessel,Physeter macrocephalus,Identified to species,Physeter macrocephalus,Confirmed,Confirmed identification,Collision,Reported collision,Death,TRUE,1,Fatal,Naval vessel,Government or naval,Atlantic Ocean - North,Atlantic Ocean,1940-1945,Date range,1940,1945,NA,No single usable year,NA,TRUE,TRUE,TRUE,TRUE,TRUE
24,NA,1950,Indian Ocean - Red Sea,"Red Sea, Egypt",Balaenoptera omurai,Omura’s whale,Unconfirmed,Collision,Anonymous report cited by Laist et al. (2001),Death,Unconfirmed Bryde's whale killed by a tanker in the Red Sea. Anonymous report cited by Laist et al. (2001),Oil Tanker,Balaenoptera omurai,Identified to species,Balaenoptera omurai,Unconfirmed,Not confirmed or missing,Collision,Reported collision,Death,TRUE,1,Fatal,Oil tanker,Cargo or tanker,Indian Ocean - Red Sea,Indian Ocean,1950,Descriptive year,1950,1950,1950,Descriptive date,1950s,TRUE,TRUE,FALSE,TRUE,TRUE
25,1993-05-01T00:00:00Z,NA,Atlantic Ocean - North,"6 km off St. Augustine, Florida, US East Coast",Eubalaena glacialis,North Atlantic right whale,Confirmed,Collision,"Necropsy Examination Report RKB-1424, Sirenia Project, U.S. Geological Survey, 412 NE 16th Street, Gainseville, Florida 32601 U.S.A.",Death,Incident at sea and carcass towed ashore. Northern right whale calf collided with US Coast Guard Cutter. 3 days later calf was found floating dead and was towed ashore. Laist et al. (2001) and Knowlton and Kraus (2001). See NMFS 2005 and Sirenia Project (,Motor yacht (unknown size),Eubalaena glacialis,Identified to species,Eubalaena glacialis,Confirmed,Confirmed identification,Collision,Reported collision,Death,TRUE,1,Fatal,Motor yacht (unknown size),Recreational or small craft,Atlantic Ocean - North,Atlantic Ocean,NA,Exact date,1993,1993,1993,Exact date,1990s,TRUE,TRUE,TRUE,TRUE,TRUE
26,1983-01-24T00:00:00Z,NA,Atlantic Ocean - North,"Off New York, US East Coast",Balaenoptera physalus,fin whale,Confirmed,Collision,"""Brought into port on bow of ship, bruising evident"" (Laist et al. 2001)",Death,"Fin whale brought into port on bow. Incident at sea (ID 29) off New York. Data from the Cetacean Distributional Database, Smithsonian Institution,Washington, DC. Cited by Laist et al. (2001).",NA,Balaenoptera physalus,Identified to species,Balaenoptera physalus,Confirmed,Confirmed identification,Collision,Reported collision,Death,TRUE,1,Fatal,Unknown,Unknown,Atlantic Ocean - North,Atlantic Ocean,NA,Exact date,1983,1983,1983,Exact date,1980s,TRUE,TRUE,TRUE,FALSE,TRUE
27,1986-02-07T00:00:00Z,NA,Atlantic Ocean - North,"Delaware River, New Jersey, US East Coast",Balaenoptera physalus,fin whale,Confirmed,Collision,"Reported struck by unknown container ship. Data from the Cetacean Distributional Database, Smithsonian Institution,Washington, DC. Cited in Laist et al (2001) (Table 2)",Not known,"Fin whale reported struck by container ship, Delaware River, NJ, USA. Data from the Cetacean Distributional Database, Smithsonian Institution,Washington, DC. Cited in Laist et al (2001) (Table 2)",NA,Balaenoptera physalus,Identified to species,Balaenoptera physalus,Confirmed,Confirmed identification,Collision,Reported collision,Unknown,FALSE,NA,Unknown outcome,Unknown,Unknown,Atlantic Ocean - North,Atlantic Ocean,NA,Exact date,1986,1986,1986,Exact date,1980s,TRUE,FALSE,TRUE,FALSE,FALSE
28,1988-04-05T00:00:00Z,NA,Atlantic Ocean - North,"Deal, New Jersey, US East Coast",Balaenoptera physalus,fin whale,Confirmed,Collision,"""Boat hit found floating"" Laist et al. (2001)",Not known,"Fin whale hit by boat and found floating, Deal, NJ (USA). Data from the Cetacean Distributional Database, Smithsonian Institution,Washington, DC. Cited in Laist et al (2001) (Table 2)",NA,Balaenoptera physalus,Identified to species,Balaenoptera physalus,Confirmed,Confirmed identification,Collision,Reported collision,Unknown,FALSE,NA,Unknown outcome,Unknown,Unknown,Atlantic Ocean - North,Atlantic Ocean,NA,Exact date,1988,1988,1988,Exact date,1980s,TRUE,FALSE,TRUE,FALSE,FALSE
29,1995-01-08T00:00:00Z,NA,Atlantic Ocean - North,"30 nm SE Cape Cod, Massachusetts, US East Coast",Balaenoptera physalus,fin whale,Confirmed,Collision,"Carried to Saint George, Bermuda, on the bow of a cruise ship after being hit",Death,"Fin whale on the bow of a ship, Cape Cod, MA, USA to Bermuda. Data from the Cetacean Distributional Database, Smithsonian Institution,Washington, DC, cited by Laist et al (2001, table 2).",NA,Balaenoptera physalus,Identified to species,Balaenoptera physalus,Confirmed,Confirmed identification,Collision,Reported collision,Death,TRUE,1,Fatal,Unknown,Unknown,Atlantic Ocean - North,Atlantic Ocean,NA,Exact date,1995,1995,1995,Exact date,1990s,TRUE,TRUE,TRUE,FALSE,TRUE
30,1989-05-20T00:00:00Z,NA,Atlantic Ocean - Mediterranean Sea,"Ligurian Sea, Near Olbia harbour, Sardinia",Balaenoptera physalus,fin whale,Confirmed,Collision,"Struck by a ferry near entrance to Olbia harbour (Table 3, Laist et al., 2001)",Not known,"Fin whale struck by a ferry, Olbia, Sardinia. Data from the Centro Studi Cetacei, Museo di Storia Naturale di Milano, Italy. Cited by Laist et al. (2001).",Ferry,Balaenoptera physalus,Identified to species,Balaenoptera physalus,Confirmed,Confirmed identification,Collision,Reported collision,Unknown,FALSE,NA,Unknown outcome,Ferry,Passenger or ferry,Atlantic Ocean - Mediterranean Sea,Atlantic Ocean,NA,Exact date,1989,1989,1989,Exact date,1980s,TRUE,FALSE,TRUE,FALSE,FALSE
31,1990-04-28T00:00:00Z,NA,Atlantic Ocean - Mediterranean Sea,"Ligurian Sea, Porto Torres, Sardinia",Balaenoptera physalus,fin whale,Confirmed,Collision,Struck by ship 1.5 nm from port. Seen alive with a deep wound on back and found dead a day later,Death,"Fin whale struck by ship, Porto Torres, Sardinia. Data from the Centro Studi Cetacei, Museo di Storia Naturale di Milano, Italy. Cited by Laist et al. (2001).",NA,Balaenoptera physalus,Identified to species,Balaenoptera physalus,Confirmed,Confirmed identification,Collision,Reported collision,Death,TRUE,1,Fatal,Unknown,Unknown,Atlantic Ocean - Mediterranean Sea,Atlantic Ocean,NA,Exact date,1990,1990,1990,Exact date,1990s,TRUE,TRUE,TRUE,FALSE,TRUE
32,1992-09-02T00:00:00Z,NA,Atlantic Ocean - Mediterranean Sea,Sicily,Physeter macrocephalus,sperm whale,Confirmed,Collision,"Sperm whale hit by a hydrofoil on 2 September 1992 off Sicily and last seen alive with ‘‘superficial wounds’’ (Laist et al., 2001)",Apparently minor external injury,"Sperm whale hit by hydrofoil, Sicily, Italy. Laist et al. (2001)",Hydrofoil,Physeter macrocephalus,Identified to species,Physeter macrocephalus,Confirmed,Confirmed identification,Collision,Reported collision,Minor injury,TRUE,0,Non-fatal known outcome,Hydrofoil,Passenger or ferry,Atlantic Ocean - Mediterranean Sea,Atlantic Ocean,NA,Exact date,1992,1992,1992,Exact date,1990s,TRUE,TRUE,TRUE,TRUE,TRUE
33,1972-03-09T00:00:00Z,NA,Atlantic Ocean - Mediterranean Sea,"Ligurian Sea, Nice, Italy",Balaenoptera physalus,fin whale,Confirmed,Collision,Brought into port on bow of ship,Death,"Fin whale hit by ferry, brought into port on bow in Nice (France). Data from the Institut de la Mer et du Littoral, La Rochelle, France, cited by Laist et al. (2001). Approximate position. Contact A. Collet",Ferry,Balaenoptera physalus,Identified to species,Balaenoptera physalus,Confirmed,Confirmed identification,Collision,Reported collision,Death,TRUE,1,Fatal,Ferry,Passenger or ferry,Atlantic Ocean - Mediterranean Sea,Atlantic Ocean,NA,Exact date,1972,1972,1972,Exact date,1970s,TRUE,TRUE,TRUE,TRUE,TRUE
34,1976-03-04T00:00:00Z,NA,Atlantic Ocean - Mediterranean Sea,"Toulon, France",Balaenoptera physalus,fin whale,Confirmed,Collision,"""14.3 m male hit by merchant ship""",Death,"Fin whale brought into port on bow of merchant ship. Data from the Institut de la Mer et du Littoral, La Rochelle, France, cited by Laist et al. (2001). Approximate position. Cited by Laist et al. (2001) (Table 4)",NA,Balaenoptera physalus,Identified to species,Balaenoptera physalus,Confirmed,Confirmed identification,Collision,Reported collision,Death,TRUE,1,Fatal,Unknown,Unknown,Atlantic Ocean - Mediterranean Sea,Atlantic Ocean,NA,Exact date,1976,1976,1976,Exact date,1970s,TRUE,TRUE,TRUE,FALSE,TRUE
35,1993-09-09T00:00:00Z,NA,Atlantic Ocean - Mediterranean Sea,"3 hours before reaching Toulon, France",Balaenoptera physalus,fin whale,Confirmed,Collision,Laist et al. (2001).,Death,"Fin whale hit at sea and brought into port on bow of ferry, Toulon, France. Data from the Institut de la Mer et du Littoral, La Rochelle, France, cited by Laist et al. (2001) .A 16 m female whale. See Form on whale stuck on bow. a shock followed by stron",Ferry,Balaenoptera physalus,Identified to species,Balaenoptera physalus,Confirmed,Confirmed identification,Collision,Reported collision,Death,TRUE,1,Fatal,Ferry,Passenger or ferry,Atlantic Ocean - Mediterranean Sea,Atlantic Ocean,NA,Exact date,1993,1993,1993,Exact date,1990s,TRUE,TRUE,TRUE,TRUE,TRUE
36,NA,August 1952,Atlantic Ocean - North,"139 km off Montauk, Long Island, New York, USA",NA,Unidentified large whale,Indeterminate,Collision,A large whale about 15 m long was seen awash and swimming slowly about 90 m ahead and 18 m to port. A few seconds before impact it submerged to a shallow depth. The impact was not felt (Laist et al. 2001),Not known,"Unknown large whale hit by US Navy destroyer. Data held by the Marine Mammal Commission, Bethesda, Maryland, USA, cited by Laist et al. (2001). Approximate position.",Naval vessel,NA,Missing scientific name,NA,Indeterminate,Not confirmed or missing,Collision,Reported collision,Unknown,FALSE,NA,Unknown outcome,Naval vessel,Government or naval,Atlantic Ocean - North,Atlantic Ocean,august 1952,Descriptive year,1952,1952,1952,Descriptive date,1950s,FALSE,FALSE,FALSE,FALSE,FALSE
37,1971-02-07T00:00:00Z,NA,Atlantic Ocean - Mediterranean Sea,"Between Marseilles and Annaba, France and Algeria",Balaenoptera physalus,fin whale,Confirmed,Collision,NA,Death,Panigada et al. 2006. Mediterranean fin whales at risk from fatal ship strikes,NA,Balaenoptera physalus,Identified to species,Balaenoptera physalus,Confirmed,Confirmed identification,Collision,Reported collision,Death,TRUE,1,Fatal,Unknown,Unknown,Atlantic Ocean - Mediterranean Sea,Atlantic Ocean,NA,Exact date,1971,1971,1971,Exact date,1970s,TRUE,TRUE,TRUE,FALSE,TRUE
38,1972-09-03T00:00:00Z,NA,Atlantic Ocean - Mediterranean Sea,"Ligurian Sea, Corsica",Balaenoptera physalus,fin whale,Confirmed,Collision,On bow,Death,"Panigada et al. 2006. Fin whale, male, 18m, on bow of car-ferry 'Corse' Ligurian Sea, July 1972.",NA,Balaenoptera physalus,Identified to species,Balaenoptera physalus,Confirmed,Confirmed identification,Collision,Reported collision,Death,TRUE,1,Fatal,Unknown,Unknown,Atlantic Ocean - Mediterranean Sea,Atlantic Ocean,NA,Exact date,1972,1972,1972,Exact date,1970s,TRUE,TRUE,TRUE,FALSE,TRUE
39,NA,Fall 1953,Pacific Ocean - Yellow Sea,Northern Yellow Sea,Unidentified cetacean,NA,Indeterminate,Collision,A sudden shudder was felt throughout the ship. The bow lookout reported something on the bow. (Laist et al. 2001),Death,"Unidentified whale hit and stuck on bow of a US Aircraft carrier and removed at sea. Data held by the Marine Mammal Commission, Bethesda, Maryland, USA, cited by Laist et al. (2001)",Naval vessel,Unidentified cetacean,Unidentified cetacean,NA,Indeterminate,Not confirmed or missing,Collision,Reported collision,Death,TRUE,1,Fatal,Naval vessel,Government or naval,Pacific Ocean - Yellow Sea,Pacific Ocean,fall 1953,Descriptive year,1953,1953,1953,Descriptive date,1950s,FALSE,FALSE,FALSE,TRUE,TRUE
40,1954-12-25T00:00:00Z,NA,Pacific Ocean - South,"11 Km off Kaikoura, South Island, New Zealand",NA,Unidentified large whale,Indeterminate,Collision,"""Very early in the morning while steaming northward, the vessel collided with a large whale and incurred damage to the stem bar protecting the rudder."" Laist et al. (2001)",Not known,"Unidentified large whale struck by passenger ship, Kaikoura, NZ. Data held by the Marine Mammal Commission, Bethesda, Maryland, USA, cited by Laist et al. (2001)",Passenger vessel,NA,Missing scientific name,NA,Indeterminate,Not confirmed or missing,Collision,Reported collision,Unknown,FALSE,NA,Unknown outcome,Passenger vessel,Passenger or ferry,Pacific Ocean - South,Pacific Ocean,NA,Exact date,1954,1954,1954,Exact date,1950s,FALSE,FALSE,FALSE,FALSE,FALSE
41,1955-03-22T00:00:00Z,NA,Atlantic Ocean - North,"89 Km west of Cape Gardafui, Canary Islands",Physeter macrocephalus,sperm whale,Confirmed,Collision,"After a mysterious jolt, the crew found that a 10 m sperm whale had been struck on the head and its body had become lodged on the bow below the water line. Slijper (1979) cited by Laist et al. (2001)",Death,"Sperm whale struck and stuck on bow, removed at sea, Canary Islands. Slijper (1979) cited by Laist et al. (2001). Event occurred at night.",Motor yacht (unknown size),Physeter macrocephalus,Identified to species,Physeter macrocephalus,Confirmed,Confirmed identification,Collision,Reported collision,Death,TRUE,1,Fatal,Motor yacht (unknown size),Recreational or small craft,Atlantic Ocean - North,Atlantic Ocean,NA,Exact date,1955,1955,1955,Exact date,1950s,TRUE,TRUE,TRUE,TRUE,TRUE
42,1973-04-06T00:00:00Z,NA,Atlantic Ocean - Mediterranean Sea,"Gulf of Lions, France",Balaenoptera physalus,fin whale,Confirmed,Collision,NA,Death,"Panigada et al. 2006. Male 17.25m fin whale, Gulf of Genova, museum specimen",NA,Balaenoptera physalus,Identified to species,Balaenoptera physalus,Confirmed,Confirmed identification,Collision,Reported collision,Death,TRUE,1,Fatal,Unknown,Unknown,Atlantic Ocean - Mediterranean Sea,Atlantic Ocean,NA,Exact date,1973,1973,1973,Exact date,1970s,TRUE,TRUE,TRUE,FALSE,TRUE
43,NA,February 1960,Pacific Ocean - South,"West of Cape Reinga, North Island, New Zealand",Unidentified cetacean,NA,Indeterminate,Collision,"""A large school of whales crossed ahead of the vessel. The vessel’s propeller struck a whale causing the vessel to shudder and the engine speed to slow noticeably"". (Laist et al. 2001)",Severe external visible injury,"Unidentified whale injured by propeller, New Zealand. Data held by the Marine Mammal Commission, Bethesda, Maryland, USA, cited by Laist et al. (2001)",NA,Unidentified cetacean,Unidentified cetacean,NA,Indeterminate,Not confirmed or missing,Collision,Reported collision,Severe injury,TRUE,0,Non-fatal known outcome,Unknown,Unknown,Pacific Ocean - South,Pacific Ocean,february 1960,Descriptive year,1960,1960,1960,Descriptive date,1960s,FALSE,FALSE,FALSE,FALSE,TRUE
44,NA,September 1961,Atlantic Ocean - Caribbean Sea,Unknown,Unidentified cetacean,NA,Unconfirmed,Collision,"At about 1500 a whale was sighted lying at the surface just prior to the collision in a light sea and good visibility. (Laist et al., 2001)",Severe external visible injury,"Unidentified whale struck by cargo vessel in Caribbean Sea. Data held by the Marine Mammal Commission, Bethesda, Maryland, USA, cited by Laist et al. (2001)",General cargo,Unidentified cetacean,Unidentified cetacean,NA,Unconfirmed,Not confirmed or missing,Collision,Reported collision,Severe injury,TRUE,0,Non-fatal known outcome,General cargo,Cargo or tanker,Atlantic Ocean - Caribbean Sea,Atlantic Ocean,september 1961,Descriptive year,1961,1961,1961,Descriptive date,1960s,FALSE,FALSE,FALSE,TRUE,TRUE
45,NA,1963,Pacific Ocean - South,Unknown,Unidentified cetacean,NA,Indeterminate,Collision,"""A whale thought to be surfacing in front of the vessel was struck. A small amount of blood was seen in the water; the whale appeared to swim away slowly"" Laist et al. (2001)",Severe external visible injury,"Unidentified whale struck in Equatorial Pacific. Data held by the Marine Mammal Commission, Bethesda, Maryland, USA, cited by Laist et al. (2001)",Passenger vessel,Unidentified cetacean,Unidentified cetacean,NA,Indeterminate,Not confirmed or missing,Collision,Reported collision,Severe injury,TRUE,0,Non-fatal known outcome,Passenger vessel,Passenger or ferry,Pacific Ocean - South,Pacific Ocean,1963,Descriptive year,1963,1963,1963,Descriptive date,1960s,FALSE,FALSE,FALSE,TRUE,TRUE
46,1965-11-29T00:00:00Z,NA,Pacific Ocean - North,"200 km off San Francisco, California, USA",Physeter macrocephalus,sperm whale,Confirmed,Collision,"While on a whale-marking research cruise amid a harem school of about 50 sperm whales, when a mother-calf pair was aproached by vessel, mother was struck while calf was swiming alongside the ship. (Laist et al. 2001)",Apparently minor external injury,"Sperm whale struck by whale research (?) boat, off San Francisco, CA. USA. Data held by the Marine Mammal Commission, Bethesda, Maryland, USA, cited by Laist et al. (2001)",Whale catcher boat,Physeter macrocephalus,Identified to species,Physeter macrocephalus,Confirmed,Confirmed identification,Collision,Reported collision,Minor injury,TRUE,0,Non-fatal known outcome,Whale catcher boat,Fishing or whaling,Pacific Ocean - North,Pacific Ocean,NA,Exact date,1965,1965,1965,Exact date,1960s,TRUE,TRUE,TRUE,TRUE,TRUE
47,NA,"July 1967, after dark",Atlantic Ocean - North,"South of Halifax, Nova Scotia, Canada",NA,Unidentified large whale,Indeterminate,Collision,Visual observation of a whale on bow. Laist et al (2001),Death,"Unidentified whale stuck on the bow of a US Navy cruiser at south Halifax. Animal removed at sea. Data held by the Marine Mammal Commission, Bethesda, Maryland, USA, cited by Laist et al. (2001)The ship had to be stopped and backed down to remove the whal",Naval vessel,NA,Missing scientific name,NA,Indeterminate,Not confirmed or missing,Collision,Reported collision,Death,TRUE,1,Fatal,Naval vessel,Government or naval,Atlantic Ocean - North,Atlantic Ocean,"july 1967, after dark",Descriptive year,1967,1967,1967,Descriptive date,1960s,FALSE,FALSE,FALSE,TRUE,TRUE
48,1974-04-23T00:00:00Z,NA,Pacific Ocean - North,"2 km of Baja Peninsula, Baja California, USA",NA,Unidentified large whale,Indeterminate,Collision,"""A large whale surfaced at the stern with deep propeller gashes down the mid section. A large pool of bloody water soon formed"". (Laist et al., 2001)",Severe external visible injury,"Probably gray whale injured by propellers of a motor yatch, Baja Peninsula, Mexico. Data held by the Marine Mammal Commission, Bethesda, Maryland, USA, cited by Laist et al. (2001)It was thought the whale must have come up directly under the boat because",Sailing yacht (<25m),NA,Missing scientific name,NA,Indeterminate,Not confirmed or missing,Collision,Reported collision,Severe injury,TRUE,0,Non-fatal known outcome,Sailing yacht (<25m),Recreational or small craft,Pacific Ocean - North,Pacific Ocean,NA,Exact date,1974,1974,1974,Exact date,1970s,FALSE,FALSE,FALSE,TRUE,TRUE
49,1973-08-30T00:00:00Z,August 1973,Atlantic Ocean - Mediterranean Sea,"Ligurian Sea, Corsica",Balaenoptera physalus,fin whale,Confirmed,Collision,On bow,Death,Panigada et al. 2006. Fin whale on bow car-ferry 'Corse',Ferry,Balaenoptera physalus,Identified to species,Balaenoptera physalus,Confirmed,Confirmed identification,Collision,Reported collision,Death,TRUE,1,Fatal,Ferry,Passenger or ferry,Atlantic Ocean - Mediterranean Sea,Atlantic Ocean,august 1973,Exact date,1973,1973,1973,Exact date,1970s,TRUE,TRUE,TRUE,TRUE,TRUE
50,1976-04-03T00:00:00Z,NA,Atlantic Ocean - Mediterranean Sea,"Var, France",Balaenoptera physalus,fin whale,NA,Collision,On bow,Death,"Panigada et al. 2006. 14.3 m male fin whale on bow of merchant ship (no name), internal lesions, April 1976",NA,Balaenoptera physalus,Identified to species,Balaenoptera physalus,Missing,Not confirmed or missing,Collision,Reported collision,Death,TRUE,1,Fatal,Unknown,Unknown,Atlantic Ocean - Mediterranean Sea,Atlantic Ocean,NA,Exact date,1976,1976,1976,Exact date,1970s,TRUE,TRUE,FALSE,FALSE,TRUE
51,NA,Late 1974,Pacific Ocean - South,"Cook Strait, New Zealand",Unidentified cetacean,NA,Indeterminate,Collision,"""The twin screw ferry struck and possibly killed a whale. Blood was noticed in the water after the vessel passed."" Laist et al. (2001)",Severe external visible injury,"Unknown whale struck by twin screw ferry, New Zealand. Data held by the Marine Mammal Commission, Bethesda, Maryland, USA, cited by Laist et al. (2001)",Ferry,Unidentified cetacean,Unidentified cetacean,NA,Indeterminate,Not confirmed or missing,Collision,Reported collision,Severe injury,TRUE,0,Non-fatal known outcome,Ferry,Passenger or ferry,Pacific Ocean - South,Pacific Ocean,late 1974,Descriptive year,1974,1974,1974,Descriptive date,1970s,FALSE,FALSE,FALSE,TRUE,TRUE
52,1975-01-22T00:00:00Z,NA,Pacific Ocean - North,"Off Pt. Loma, California, USA",Eschrichtius robustus,gray whale,Confirmed,Collision,The ship hit a whale while foil-borne returning to San Diego. The vessel came to a dead stop within about 30 m. (Laist et al. 2001),Death,"Gray whale killed by navy hydrofoil, California, USA. Data held by the Marine Mammal Commission, Bethesda, Maryland, USA, cited by Laist et al. (2001). The crew lost sight of the whale but the next day a dead whale with a severed tail stranded near the co",Hydrofoil,Eschrichtius robustus,Identified to species,Eschrichtius robustus,Confirmed,Confirmed identification,Collision,Reported collision,Death,TRUE,1,Fatal,Hydrofoil,Passenger or ferry,Pacific Ocean - North,Pacific Ocean,NA,Exact date,1975,1975,1975,Exact date,1970s,TRUE,TRUE,TRUE,TRUE,TRUE
53,1980-10-24T00:00:00Z,NA,Pacific Ocean - North,"64 Km west Ensenada, Baja California, USA",Balaenoptera musculus,blue whale,Confirmed,Collision,Upon entering Los Angeles harbour a dead whale floated to the surface near the ship. The crew was unaware of the collision until then.,Death,"Blue whale killed by tanker, Ensenada, Mexico. Data held by the Marine Mammal Commission, Bethesda, Maryland, USA, cited by Laist et al. (2001). Collision at sea, whale stuck on bow until approach Los Angeles habour, when it released from ship's bow",Oil Tanker,Balaenoptera musculus,Identified to species,Balaenoptera musculus,Confirmed,Confirmed identification,Collision,Reported collision,Death,TRUE,1,Fatal,Oil tanker,Cargo or tanker,Pacific Ocean - North,Pacific Ocean,NA,Exact date,1980,1980,1980,Exact date,1980s,TRUE,TRUE,TRUE,TRUE,TRUE
54,NA,August 1984,Atlantic Ocean - North,"Stellwagen Bank, Massachusetts , US East Coast",Balaenoptera physalus,fin whale,Confirmed,Collision,"At dusk while returning to port at full speed, a fin whale surfaced immediately in front of the vessel. (Laist et al., 2001)",Severe external visible injury,"Fin whale struck by whale watching vessel. Data held by the Marine Mammal Commission, Bethesda, Maryland, USA, cited by Laist et al. (2001)",Whale watching vessel,Balaenoptera physalus,Identified to species,Balaenoptera physalus,Confirmed,Confirmed identification,Collision,Reported collision,Severe injury,TRUE,0,Non-fatal known outcome,Whale-watching vessel,Research or whale-watching,Atlantic Ocean - North,Atlantic Ocean,august 1984,Descriptive year,1984,1984,1984,Descriptive date,1980s,TRUE,TRUE,TRUE,TRUE,TRUE
55,1967-09-10T00:00:00Z,NA,Atlantic Ocean - North,"Gaspé, approaching port, Québec, Canada",NA,Unidentified large whale,Unconfirmed,Collision,A flapping noise on the ship`s bow. A 15-18 m whale impaled on the bow (Laist et al. 2001),Death,"Unidentified whale killed by passenger ship, Quebec, Canada. Data held by the Marine Mammal Commission, Bethesda, Maryland, USA, cited by Laist et al. (2001). Whale removed from bow using reverse thrust.",Passenger vessel,NA,Missing scientific name,NA,Unconfirmed,Not confirmed or missing,Collision,Reported collision,Death,TRUE,1,Fatal,Passenger vessel,Passenger or ferry,Atlantic Ocean - North,Atlantic Ocean,NA,Exact date,1967,1967,1967,Exact date,1960s,FALSE,FALSE,FALSE,TRUE,TRUE
56,NA,March 1972,Pacific Ocean - North,"Las Perlas Islands, Panama",NA,Unidentified small whale,Indeterminate,Collision,"""...while running at top speed, a small whale surfaced directly in front of the boat. The boat struck the whale and went right over the animal breaking off the tow ring fitting in the animal’s flesh."" (Laist et al. 2001)",Severe external visible injury,"Unknown whale struck by Boston whaler. Data held by the Marine Mammal Commission, Bethesda, Maryland, USA, cited by Laist et al. (2001)",Motor yacht (<25m),NA,Missing scientific name,NA,Indeterminate,Not confirmed or missing,Collision,Reported collision,Severe injury,TRUE,0,Non-fatal known outcome,Motor yacht (<25m),Recreational or small craft,Pacific Ocean - North,Pacific Ocean,march 1972,Descriptive year,1972,1972,1972,Descriptive date,1970s,FALSE,FALSE,FALSE,TRUE,TRUE
57,NA,Between November 1972 and February 1973,Atlantic Ocean - North,"97 km off Boston, Massachusetts, USA",NA,Unidentified small whale,Indeterminate,Collision,The crew of the harbour pilot boat noticed a whale lying across the ship’s bulbous bow.,Death,"Probable northern right whale stuck on bow before arrival at Boston, USA. Data held by the Marine Mammal Commission, Bethesda, Maryland, USA, cited by Laist et al. (2001). Approximate position. Reverse engine thrust was used to remove the whale from the b",Not known,NA,Missing scientific name,NA,Indeterminate,Not confirmed or missing,Collision,Reported collision,Death,TRUE,1,Fatal,Unknown,Unknown,Atlantic Ocean - North,Atlantic Ocean,between november 1972 and february 1973,Date range,1972,1973,NA,No single usable year,NA,FALSE,FALSE,FALSE,FALSE,TRUE
58,NA,October 1973,Indian Ocean,Bengal Bay,NA,Unidentified large whale,Indeterminate,Collision,"The vessel struck and killed an unidentified large whale (Laist et al, 2001)",Death,"Unknown whale killed by destroyer, Indian Ocean. Data held by the Marine Mammal Commission, Bethesda, Maryland, USA, cited by Laist et al. (2001)",Naval vessel,NA,Missing scientific name,NA,Indeterminate,Not confirmed or missing,Collision,Reported collision,Death,TRUE,1,Fatal,Naval vessel,Government or naval,Indian Ocean,Indian Ocean,october 1973,Descriptive year,1973,1973,1973,Descriptive date,1970s,FALSE,FALSE,FALSE,TRUE,TRUE
59,1973-12-26T00:00:00Z,NA,Pacific Ocean - North,"Strait of Georgia, British Columbia, Canada",Orcinus orca,killer whale,Confirmed,Collision,"A crunch was heard at the ship’s stern and blood was seen in the wake. A bull, a cow, and two calf killer whales surfaced off the stern and the ship circled back to within a few feet of the whales. One calf bleeding.",Severe external visible injury,"Killer whale struck by ferry, British Columbia, Canada. Ford et al. (1994) cited by Laist et al. (2001). The ship stayed with the animals for 10-15 min before leaving. No position available.",NA,Orcinus orca,Identified to species,Orcinus orca,Confirmed,Confirmed identification,Collision,Reported collision,Severe injury,TRUE,0,Non-fatal known outcome,Unknown,Unknown,Pacific Ocean - North,Pacific Ocean,NA,Exact date,1973,1973,1973,Exact date,1970s,TRUE,TRUE,TRUE,FALSE,TRUE
60,1984-10-16T00:00:00Z,NA,Indian Ocean,"East London Harbour, South Africa",Eubalaena australis,southern right whale,Confirmed,Collision,"A cow-calf pair suddenly surfaced directly in front of the dredger as it passed the breakwater. The calf took the full brunt of the impact and as the vessel passed over it, the calf was struck by the propeller. (Laist et al. 2001)",Death,"Southern right whale calf killed by dredger, South Africa. Best et al. (2001), cited by Laist et al. (2001)",Hopper dredge,Eubalaena australis,Identified to species,Eubalaena australis,Confirmed,Confirmed identification,Collision,Reported collision,Death,TRUE,1,Fatal,Hopper dredge,Other or industrial,Indian Ocean,Indian Ocean,NA,Exact date,1984,1984,1984,Exact date,1980s,TRUE,TRUE,TRUE,TRUE,TRUE
61,1985-01-24T00:00:00Z,NA,Pacific Ocean - North,"Off Southern California, USA",NA,Unidentified large whale,Indeterminate,Collision,Crew on the fantail/flight deck noted a large pool of blood astern and the back and tail of a large whale. (Laist et al. 2001),Severe external visible injury,"Unknown large whale hit by Navy frigate, California, USA. Laist et al. (2001)",Naval vessel,NA,Missing scientific name,NA,Indeterminate,Not confirmed or missing,Collision,Reported collision,Severe injury,TRUE,0,Non-fatal known outcome,Naval vessel,Government or naval,Pacific Ocean - North,Pacific Ocean,NA,Exact date,1985,1985,1985,Exact date,1980s,FALSE,FALSE,FALSE,TRUE,TRUE
62,1988-05-03T00:00:00Z,NA,Pacific Ocean - North,"Off Los Angeles, southern California, USA",Eschrichtius robustus,gray whale,Confirmed,Collision,"The whales seemed unaware of the approaching ship until it was about 30 m away when the pod suddenly increased speed and dived to avoid the ship. The last whale to dive was hit. Heynning and Dahleim, cited by Laist et al. (2001)",Not known,"Gray whale struck by tanker, Los Angeles, USA. Heyning and Dahlheim cited by Laist et al. (2001)",Oil Tanker,Eschrichtius robustus,Identified to species,Eschrichtius robustus,Confirmed,Confirmed identification,Collision,Reported collision,Unknown,FALSE,NA,Unknown outcome,Oil tanker,Cargo or tanker,Pacific Ocean - North,Pacific Ocean,NA,Exact date,1988,1988,1988,Exact date,1980s,TRUE,FALSE,TRUE,FALSE,FALSE
63,1998-07-09T00:00:00Z,NA,Indian Ocean,"7 km off Port Elizabeth harbour, South Africa",Eubalaena australis,southern right whale,Confirmed,Collision,"9 whales were seen ahead of the vessel crossing the bow. They failed to dive, an impact with at least one animal was felt, and blood was seen in the water immediately thereafter behind the ship. Two whales stranded nearby 3 days later (Laist et al. 2001)",Death,"Southern right whale struk by ferry, South Africa. Best el al. (2001) cited by Laist et al. (2001)",Ferry (displacement hull > 300grt),Eubalaena australis,Identified to species,Eubalaena australis,Confirmed,Confirmed identification,Collision,Reported collision,Death,TRUE,1,Fatal,Ferry (displacement hull > 300grt),Passenger or ferry,Indian Ocean,Indian Ocean,NA,Exact date,1998,1998,1998,Exact date,1990s,TRUE,TRUE,TRUE,TRUE,TRUE
64,1991-04-16T00:00:00Z,NA,Atlantic Ocean - North,"Off Key West, southern Florida, USA",Unidentified cetacean,NA,Unconfirmed,Collision,The ship struck a whale causing a rapid jolt which threw the crew forward. (Laist et al. 2001),Not known,"Unknown whale struck by hydrofoil, Key West, USA. Laist et al. (2001). Approximate position",Hydrofoil,Unidentified cetacean,Unidentified cetacean,NA,Unconfirmed,Not confirmed or missing,Collision,Reported collision,Unknown,FALSE,NA,Unknown outcome,Hydrofoil,Passenger or ferry,Atlantic Ocean - North,Atlantic Ocean,NA,Exact date,1991,1991,1991,Exact date,1990s,FALSE,FALSE,FALSE,FALSE,FALSE
65,1991-06-07T00:00:00Z,NA,Atlantic Ocean - North,"Delaware Bay, US East Coast",NA,Unidentified large whale,Indeterminate,Collision,"Two large whales, possibly sperm or right whales, were seen by the bridge watch surfacing 46 m ahead crossing the bow. They dived quickly. A few seconds later the ship vibrated and the engine was disengaged.(Laist et al., 2001) (U.S. Coast Guard 1991)",Death,"Unknown whale killed by Coastguard cutter, Delaware Bay, USA. Laist et al. (2001), US Coast Guard, 1991. Possibly sperm or right whales",Motor yacht (>25m),NA,Missing scientific name,NA,Indeterminate,Not confirmed or missing,Collision,Reported collision,Death,TRUE,1,Fatal,Motor yacht (>25m),Recreational or small craft,Atlantic Ocean - North,Atlantic Ocean,NA,Exact date,1991,1991,1991,Exact date,1990s,FALSE,FALSE,FALSE,TRUE,TRUE
66,1977-01-01T00:00:00Z,January 1977,Atlantic Ocean - Mediterranean Sea,"Gulf of Genova, Italy",Balaenoptera physalus,fin whale,Confirmed,Collision,"On bow, internal lesions",Death,"Panigada et al. 2006. 12.9 m fin whale, broken ribs and fractured cervical vertebrae, on bow, Gulf of Genova, January 1977. Ship 'Leopardy'",NA,Balaenoptera physalus,Identified to species,Balaenoptera physalus,Confirmed,Confirmed identification,Collision,Reported collision,Death,TRUE,1,Fatal,Unknown,Unknown,Atlantic Ocean - Mediterranean Sea,Atlantic Ocean,january 1977,Exact date,1977,1977,1977,Exact date,1970s,TRUE,TRUE,TRUE,FALSE,TRUE
67,1981-08-15T00:00:00Z,NA,Atlantic Ocean - Mediterranean Sea,Ligurian Sea,Balaenoptera physalus,fin whale,Confirmed,Collision,NA,Death,Panigada et al. 2006. Mediterranean fin whales at risk from fatal ship strikes.,NA,Balaenoptera physalus,Identified to species,Balaenoptera physalus,Confirmed,Confirmed identification,Collision,Reported collision,Death,TRUE,1,Fatal,Unknown,Unknown,Atlantic Ocean - Mediterranean Sea,Atlantic Ocean,NA,Exact date,1981,1981,1981,Exact date,1980s,TRUE,TRUE,TRUE,FALSE,TRUE
68,1982-05-27T00:00:00Z,NA,Atlantic Ocean - Mediterranean Sea,"Puerto Valencia, Spain",Balaenoptera physalus,fin whale,Confirmed,Collision,On bow,Death,"Panigada et al. 2006. Fin whale, Puerto Valencia, Spain. 12.13m. On bow.",Not known,Balaenoptera physalus,Identified to species,Balaenoptera physalus,Confirmed,Confirmed identification,Collision,Reported collision,Death,TRUE,1,Fatal,Unknown,Unknown,Atlantic Ocean - Mediterranean Sea,Atlantic Ocean,NA,Exact date,1982,1982,1982,Exact date,1980s,TRUE,TRUE,TRUE,FALSE,TRUE
69,1982-09-19T00:00:00Z,NA,Atlantic Ocean - Mediterranean Sea,"Hérault, France",Balaenoptera physalus,fin whale,Confirmed,Collision,Cut in two,Death,"Panigada et al. 2006. 13.5 m fin whale cut in two, Herault, France, September 1982",Not known,Balaenoptera physalus,Identified to species,Balaenoptera physalus,Confirmed,Confirmed identification,Collision,Reported collision,Death,TRUE,1,Fatal,Unknown,Unknown,Atlantic Ocean - Mediterranean Sea,Atlantic Ocean,NA,Exact date,1982,1982,1982,Exact date,1980s,TRUE,TRUE,TRUE,FALSE,TRUE
70,1982-09-14T00:00:00Z,NA,Atlantic Ocean - Mediterranean Sea,"Marseilles, France",Balaenoptera physalus,fin whale,Confirmed,Collision,On bow,Death,Panigada et al. 2006. Mediterranean fin whales at risk from fatal ship strikes.,NA,Balaenoptera physalus,Identified to species,Balaenoptera physalus,Confirmed,Confirmed identification,Collision,Reported collision,Death,TRUE,1,Fatal,Unknown,Unknown,Atlantic Ocean - Mediterranean Sea,Atlantic Ocean,NA,Exact date,1982,1982,1982,Exact date,1980s,TRUE,TRUE,TRUE,FALSE,TRUE
71,1993-07-10T00:00:00Z,NA,Atlantic Ocean - North,"2 km off Atlantic City, New Jersey, US East Coast",Megaptera novaeangliae,humpback whale,Confirmed,Collision,The animal was hit at 10:30 as the vessel was accelerating but not yet on plane. About 15 min later the animal was observed ‘‘wobbling’’ as it attempted to dive and blood was seen in the water. (Laist et al. 2001),Severe external visible injury,"Fin whale struck by ferry and stuck on bow, Mediterranean. Data from Cetacean Distributional Database, Smithsonian Institution, Washington DC, cited by Laist et al. (2001)",Motor yacht (<25m),Megaptera novaeangliae,Identified to species,Megaptera novaeangliae,Confirmed,Confirmed identification,Collision,Reported collision,Severe injury,TRUE,0,Non-fatal known outcome,Motor yacht (<25m),Recreational or small craft,Atlantic Ocean - North,Atlantic Ocean,NA,Exact date,1993,1993,1993,Exact date,1990s,TRUE,TRUE,TRUE,TRUE,TRUE
72,1986-01-23T00:00:00Z,NA,Atlantic Ocean - Mediterranean Sea,"Barcelona, Spain",Balaenoptera physalus,fin whale,NA,Collision,On bow,Death,"Panigada et al. 2006. Female 12.5 fin whale on bow, Barcelona, Spain",Not known,Balaenoptera physalus,Identified to species,Balaenoptera physalus,Missing,Not confirmed or missing,Collision,Reported collision,Death,TRUE,1,Fatal,Unknown,Unknown,Atlantic Ocean - Mediterranean Sea,Atlantic Ocean,NA,Exact date,1986,1986,1986,Exact date,1980s,TRUE,TRUE,FALSE,FALSE,TRUE
73,1986-08-10T00:00:00Z,NA,Atlantic Ocean - Mediterranean Sea,"Barcelona, Spain",Balaenoptera physalus,fin whale,NA,Collision,On bow,Death,Panigada et al. 2006. Mediterranean fin whales at risk from fatal ship strikes.,Not known,Balaenoptera physalus,Identified to species,Balaenoptera physalus,Missing,Not confirmed or missing,Collision,Reported collision,Death,TRUE,1,Fatal,Unknown,Unknown,Atlantic Ocean - Mediterranean Sea,Atlantic Ocean,NA,Exact date,1986,1986,1986,Exact date,1980s,TRUE,TRUE,FALSE,FALSE,TRUE
74,1986-11-10T00:00:00Z,NA,Atlantic Ocean - Mediterranean Sea,"Bouches du Rhone, France",Balaenoptera physalus,fin whale,NA,Collision,On bow,Death,Panigada et al. 2006. Fin whale on bow.,NA,Balaenoptera physalus,Identified to species,Balaenoptera physalus,Missing,Not confirmed or missing,Collision,Reported collision,Death,TRUE,1,Fatal,Unknown,Unknown,Atlantic Ocean - Mediterranean Sea,Atlantic Ocean,NA,Exact date,1986,1986,1986,Exact date,1980s,TRUE,TRUE,FALSE,FALSE,TRUE
75,NA,February 1992,Atlantic Ocean - North,Canary Islands,Physeter macrocephalus,sperm whale,Confirmed,Collision,"A description of the event is not available, however the collision reportedly resulted in the death of one passenger. André et al. (1997) cited by Laist et al. (2001).",Death,"Sperm whale killed by collision with high-speed ferry resulting in a passenger death, Canary Islands. André et al. (1997) cited by Laist et al. (2001)",Ferry,Physeter macrocephalus,Identified to species,Physeter macrocephalus,Confirmed,Confirmed identification,Collision,Reported collision,Death,TRUE,1,Fatal,Ferry,Passenger or ferry,Atlantic Ocean - North,Atlantic Ocean,february 1992,Descriptive year,1992,1992,1992,Descriptive date,1990s,TRUE,TRUE,TRUE,TRUE,TRUE
76,1992-04-04T00:00:00Z,NA,Pacific Ocean - South,"19 km off Callao, Peru",NA,Unidentified large whale,Indeterminate,Collision,"In late morning, a biologist on the bridge saw a large whale surface a few hundred yards ahead of the ship. A few minutes later, a shudder was felt throughout the ship. Immediately afterwards, blood was seen in the ship’s wake (Laist et al. (2001)",Not known,Unidentified whale struck by research vessel off Peru. Laist et al. (2001). Occurred in late morning.,Research Vessel,NA,Missing scientific name,NA,Indeterminate,Not confirmed or missing,Collision,Reported collision,Unknown,FALSE,NA,Unknown outcome,Research vessel,Research or whale-watching,Pacific Ocean - South,Pacific Ocean,NA,Exact date,1992,1992,1992,Exact date,1990s,FALSE,FALSE,FALSE,FALSE,FALSE
77,1992-05-15T00:00:00Z,NA,Pacific Ocean - Tasman Sea,"Bass Strait, Tasmania",Balaenoptera omurai,Omura’s whale,Unconfirmed,Collision,A dead 12m whale was found draped over the ship’s bulbous bow.,Death,"Bryde´s whale struck and stuck on bow in Tasmania. Laist et al. (2001). Event occurred at night. Approximate position. See Whale Stuck on Bow form. See Laist et al, (2001)",Container ship,Balaenoptera omurai,Identified to species,Balaenoptera omurai,Unconfirmed,Not confirmed or missing,Collision,Reported collision,Death,TRUE,1,Fatal,Container ship,Cargo or tanker,Pacific Ocean - Tasman Sea,Pacific Ocean,NA,Exact date,1992,1992,1992,Exact date,1990s,TRUE,TRUE,FALSE,TRUE,TRUE
78,1993-07-29T00:00:00Z,NA,Atlantic Ocean - North,"Bergeronnes, St. Lawrence Estuary, Quebec, Canada",Balaenoptera physalus,fin whale,Confirmed,Collision,"While moving toward a humpback whale and letting another boat pass, a fin whale surfaced and struck the bow of the vessel. (Laist et al, 2001)",Apparently minor external injury,"Fin whale injured by whale-watching vessel, Quebec, Canada. Laist et al. (2001). Position not available",Whale whatching vessel,Balaenoptera physalus,Identified to species,Balaenoptera physalus,Confirmed,Confirmed identification,Collision,Reported collision,Minor injury,TRUE,0,Non-fatal known outcome,Whale-watching vessel,Research or whale-watching,Atlantic Ocean - North,Atlantic Ocean,NA,Exact date,1993,1993,1993,Exact date,1990s,TRUE,TRUE,TRUE,TRUE,TRUE
79,1994-08-14T00:00:00Z,NA,Atlantic Ocean - North,"Tadoussac, St. Lawrence Estuary, Quebec, Canada",Balaenoptera physalus,fin whale,Confirmed,Collision,The vessel called to report colliding with a fin whale while whale watching,Apparently minor external injury,"Fin whale hit by whale-watching vessel. Quebec, Canada. Laist et al. (2001). Approximate position",Whale whatching vessel,Balaenoptera physalus,Identified to species,Balaenoptera physalus,Confirmed,Confirmed identification,Collision,Reported collision,Minor injury,TRUE,0,Non-fatal known outcome,Whale-watching vessel,Research or whale-watching,Atlantic Ocean - North,Atlantic Ocean,NA,Exact date,1994,1994,1994,Exact date,1990s,TRUE,TRUE,TRUE,TRUE,TRUE
80,1994-10-31T00:00:00Z,NA,Pacific Ocean - Sea of Japan/East Sea,"22 km of Nigata, Japan",NA,Unidentified large whale,Indeterminate,Collision,Honma et al. (1997) cited by Laist et al. (2001),Severe external visible injury,"Unknown whale struck by high-speed ferry, Japan. Honma et al. (1997). Cited by Laist et al. (2001). Approximate position",High-speed Ferry,NA,Missing scientific name,NA,Indeterminate,Not confirmed or missing,Collision,Reported collision,Severe injury,TRUE,0,Non-fatal known outcome,High-speed ferry,Passenger or ferry,Pacific Ocean - Sea of Japan/East Sea,Pacific Ocean,NA,Exact date,1994,1994,1994,Exact date,1990s,FALSE,FALSE,FALSE,TRUE,TRUE
81,1995-01-02T00:00:00Z,NA,Atlantic Ocean - North,"Off North Carolina, US East Coast",NA,Unidentified large whale,Indeterminate,Collision,"After leaving port and while on the surface, a small black whale breached in front of the submarine, struck the bow, and slid down the starboard side of the vessel. U.S. Navy (1995)",Not known,"Probable right whale struck by submarine, North Carolina, USA. US Navy (1995) cited by Laist et al. (2001). Position not available",Submarine,NA,Missing scientific name,NA,Indeterminate,Not confirmed or missing,Collision,Reported collision,Unknown,FALSE,NA,Unknown outcome,Submarine,Government or naval,Atlantic Ocean - North,Atlantic Ocean,NA,Exact date,1995,1995,1995,Exact date,1990s,FALSE,FALSE,FALSE,FALSE,FALSE
82,1995-01-06T00:00:00Z,NA,Pacific Ocean - North,"Summer Sound, SE Alaska",NA,Unidentified large whale,Indeterminate,Collision,"The captain of the fishing vessel reported that, while moving at 17 km/h, the vessel struck what was believed to be a humpback whale.",Indeterminate visible injury,"Probable humpback whale struck by fishing vessel, Alaska. Laist et al. (2001). No position available",Not known,NA,Missing scientific name,NA,Indeterminate,Not confirmed or missing,Collision,Reported collision,Indeterminate injury,TRUE,0,Non-fatal known outcome,Unknown,Unknown,Pacific Ocean - North,Pacific Ocean,NA,Exact date,1995,1995,1995,Exact date,1990s,FALSE,FALSE,FALSE,FALSE,TRUE
83,1987-05-21T00:00:00Z,NA,Atlantic Ocean - Mediterranean Sea,"Valencia, Spain",Balaenoptera physalus,fin whale,Confirmed,Collision,On bow,Death,"Panigada et al. 2006. Fin whale, male, 13.9m, on bow, Puerto Valencia, Spain.",Not known,Balaenoptera physalus,Identified to species,Balaenoptera physalus,Confirmed,Confirmed identification,Collision,Reported collision,Death,TRUE,1,Fatal,Unknown,Unknown,Atlantic Ocean - Mediterranean Sea,Atlantic Ocean,NA,Exact date,1987,1987,1987,Exact date,1980s,TRUE,TRUE,TRUE,FALSE,TRUE
84,1987-05-22T00:00:00Z,NA,Atlantic Ocean - Mediterranean Sea,"Sassari, Italy",Balaenoptera physalus,fin whale,Confirmed,Collision,On bow,Death,"Panigada et al. 2006. Fin whale, female, 12.95m, on bow, Sassari, Italy, May 1987",NA,Balaenoptera physalus,Identified to species,Balaenoptera physalus,Confirmed,Confirmed identification,Collision,Reported collision,Death,TRUE,1,Fatal,Unknown,Unknown,Atlantic Ocean - Mediterranean Sea,Atlantic Ocean,NA,Exact date,1987,1987,1987,Exact date,1980s,TRUE,TRUE,TRUE,FALSE,TRUE
85,1988-09-29T00:00:00Z,NA,Atlantic Ocean - Mediterranean Sea,"Valencia, Spain",Balaenoptera physalus,fin whale,Confirmed,Collision,On bow,Death,"Panigada et al. 2006. Fin whale, female, 15.2m, on bow, Puerto Valencia, Spain, September 1988",Not known,Balaenoptera physalus,Identified to species,Balaenoptera physalus,Confirmed,Confirmed identification,Collision,Reported collision,Death,TRUE,1,Fatal,Unknown,Unknown,Atlantic Ocean - Mediterranean Sea,Atlantic Ocean,NA,Exact date,1988,1988,1988,Exact date,1980s,TRUE,TRUE,TRUE,FALSE,TRUE
86,1988-08-11T00:00:00Z,NA,Atlantic Ocean - Mediterranean Sea,"Between Nice and Ile Rousse, France",Balaenoptera physalus,fin whale,Confirmed,Collision,NA,Death,Panigada et al. 2006. Mediterranean fin whales at risk from fatal ship strikes.,NA,Balaenoptera physalus,Identified to species,Balaenoptera physalus,Confirmed,Confirmed identification,Collision,Reported collision,Death,TRUE,1,Fatal,Unknown,Unknown,Atlantic Ocean - Mediterranean Sea,Atlantic Ocean,NA,Exact date,1988,1988,1988,Exact date,1980s,TRUE,TRUE,TRUE,FALSE,TRUE
87,1989-05-20T00:00:00Z,NA,Atlantic Ocean - Mediterranean Sea,"Sassari, Italy",Balaenoptera physalus,fin whale,Confirmed,Collision,On bow,Death,Panigada et al. 2006. Mediterranean fin whales at risk from fatal ship strikes.,Ferry,Balaenoptera physalus,Identified to species,Balaenoptera physalus,Confirmed,Confirmed identification,Collision,Reported collision,Death,TRUE,1,Fatal,Ferry,Passenger or ferry,Atlantic Ocean - Mediterranean Sea,Atlantic Ocean,NA,Exact date,1989,1989,1989,Exact date,1980s,TRUE,TRUE,TRUE,TRUE,TRUE
88,1991-04-30T00:00:00Z,NA,Atlantic Ocean - Mediterranean Sea,"Genova, Italy",Balaenoptera physalus,fin whale,Confirmed,Collision,On bow,Death,"Panigada et al. 2006. Fin whale, male, 17.65, on bow of ferry, Genova, Italy",NA,Balaenoptera physalus,Identified to species,Balaenoptera physalus,Confirmed,Confirmed identification,Collision,Reported collision,Death,TRUE,1,Fatal,Unknown,Unknown,Atlantic Ocean - Mediterranean Sea,Atlantic Ocean,NA,Exact date,1991,1991,1991,Exact date,1990s,TRUE,TRUE,TRUE,FALSE,TRUE
89,1995-09-26T00:00:00Z,NA,Atlantic Ocean - Mediterranean Sea,"Bouches du Rhone, France",Balaenoptera physalus,fin whale,Confirmed,Collision,On bow,Death,Panigada et al. 2006. Mediterranean fin whales at risk from fatal ship strikes.,Whal watching vessel,Balaenoptera physalus,Identified to species,Balaenoptera physalus,Confirmed,Confirmed identification,Collision,Reported collision,Death,TRUE,1,Fatal,Whale-watching vessel,Research or whale-watching,Atlantic Ocean - Mediterranean Sea,Atlantic Ocean,NA,Exact date,1995,1995,1995,Exact date,1990s,TRUE,TRUE,TRUE,TRUE,TRUE
90,1998-06-04T00:00:00Z,NA,Atlantic Ocean - Mediterranean Sea,"Porquerolles, France",Balaenoptera physalus,fin whale,Confirmed,Collision,NA,Death,Panigada et al. 2006. Mediterranean fin whales at risk from fatal ship strikes.,NA,Balaenoptera physalus,Identified to species,Balaenoptera physalus,Confirmed,Confirmed identification,Collision,Reported collision,Death,TRUE,1,Fatal,Unknown,Unknown,Atlantic Ocean - Mediterranean Sea,Atlantic Ocean,NA,Exact date,1998,1998,1998,Exact date,1990s,TRUE,TRUE,TRUE,FALSE,TRUE
91,1998-08-06T00:00:00Z,NA,Atlantic Ocean - Mediterranean Sea,Ligurian Sea,Balaenoptera physalus,fin whale,Confirmed,Collision,NA,Death,Panigada et al. 2006. Mediterranean fin whales at risk from fatal ship strikes.,NA,Balaenoptera physalus,Identified to species,Balaenoptera physalus,Confirmed,Confirmed identification,Collision,Reported collision,Death,TRUE,1,Fatal,Unknown,Unknown,Atlantic Ocean - Mediterranean Sea,Atlantic Ocean,NA,Exact date,1998,1998,1998,Exact date,1990s,TRUE,TRUE,TRUE,FALSE,TRUE
92,NA,January 1995,Atlantic Ocean - North,"48 Km SE Cape Cod, Massachusetts, USA",Balaenoptera physalus,fin whale,Confirmed,Collision,"Upon arriving in St. George, Bermuda, a 17m fin whale was discovered on the ship’s bow.",Death,"Fin whale stuck on bow of passenger ship, South Africa. Data held by Cetacean Distributional Database, Smithsonian Institution. Cited by Laist et al. (2001).See form Whale stuck on board. Major vibration felt about 30 miles southeast of Cape Cod suggests",Passenger vessel,Balaenoptera physalus,Identified to species,Balaenoptera physalus,Confirmed,Confirmed identification,Collision,Reported collision,Death,TRUE,1,Fatal,Passenger vessel,Passenger or ferry,Atlantic Ocean - North,Atlantic Ocean,january 1995,Descriptive year,1995,1995,1995,Descriptive date,1990s,TRUE,TRUE,TRUE,TRUE,TRUE
93,1999-08-02T00:00:00Z,NA,Atlantic Ocean - Mediterranean Sea,"Between Ajaccio and Nice, France",Balaenoptera physalus,fin whale,Confirmed,Collision,NA,Death,Panigada et al. 2006. Mediterranean fin whales at risk from fatal ship strikes.,NA,Balaenoptera physalus,Identified to species,Balaenoptera physalus,Confirmed,Confirmed identification,Collision,Reported collision,Death,TRUE,1,Fatal,Unknown,Unknown,Atlantic Ocean - Mediterranean Sea,Atlantic Ocean,NA,Exact date,1999,1999,1999,Exact date,1990s,TRUE,TRUE,TRUE,FALSE,TRUE
94,2000-04-15T00:00:00Z,NA,Atlantic Ocean - Mediterranean Sea,"Between Calvi and Nice, France",Balaenoptera physalus,fin whale,Confirmed,Collision,NA,Death,Panigada et al. 2006. Mediterranean fin whales at risk from fatal ship strikes.,NA,Balaenoptera physalus,Identified to species,Balaenoptera physalus,Confirmed,Confirmed identification,Collision,Reported collision,Death,TRUE,1,Fatal,Unknown,Unknown,Atlantic Ocean - Mediterranean Sea,Atlantic Ocean,NA,Exact date,2000,2000,2000,Exact date,2000s,TRUE,TRUE,TRUE,FALSE,TRUE
95,2000-10-20T00:00:00Z,NA,Atlantic Ocean - Mediterranean Sea,"Marseilles, France",Balaenoptera physalus,fin whale,Confirmed,Collision,on bow,Death,"Panigada et al. 2006. Male fin whale, 17.8m on bow merchant ship, Marseilles, October 2000, external and internal lesions",NA,Balaenoptera physalus,Identified to species,Balaenoptera physalus,Confirmed,Confirmed identification,Collision,Reported collision,Death,TRUE,1,Fatal,Unknown,Unknown,Atlantic Ocean - Mediterranean Sea,Atlantic Ocean,NA,Exact date,2000,2000,2000,Exact date,2000s,TRUE,TRUE,TRUE,FALSE,TRUE
96,1995-09-26T00:00:00Z,NA,Atlantic Ocean - North,"Bergeronnes, St. Lawrence Estuary, Quebec, Canada",Balaenoptera acutorostrata,Common minke whale,Confirmed,Collision,"The vessel, collided with a minke whale while traveling at speed. Laist et al. (2001)",Not known,"Minke whale struck by whale-watching vessel. St. Lawrence estuary, Canada",Whal watching vessel,Balaenoptera acutorostrata,Identified to species,Balaenoptera acutorostrata,Confirmed,Confirmed identification,Collision,Reported collision,Unknown,FALSE,NA,Unknown outcome,Whale-watching vessel,Research or whale-watching,Atlantic Ocean - North,Atlantic Ocean,NA,Exact date,1995,1995,1995,Exact date,1990s,TRUE,FALSE,TRUE,FALSE,FALSE
97,NA,1958,Atlantic Ocean - Mediterranean Sea,"between Marseilles and Algiers, France and Algeria",Balaenoptera physalus,fin whale,Indeterminate,Collision,NA,NA,"Panigada et al. 2006. Fin whale, 20m, propeller cuts, La Seine sur Mer, France, on shore, October 2000",NA,Balaenoptera physalus,Identified to species,Balaenoptera physalus,Indeterminate,Not confirmed or missing,Collision,Reported collision,Unknown,FALSE,NA,Unknown outcome,Unknown,Unknown,Atlantic Ocean - Mediterranean Sea,Atlantic Ocean,1958,Descriptive year,1958,1958,1958,Descriptive date,1950s,TRUE,FALSE,FALSE,FALSE,FALSE
98,1995-09-19T00:00:00Z,NA,Atlantic Ocean - North,"More than 185 nm off Massachusetts, USA",NA,Unidentified large whale,Indeterminate,Collision,"a whale surface 5-6 m off the starboard bow. Before a warning could be issued, a thud was heard and a shudder felt. The ship stopped to search the area but no injured animal was found. NMFS 1995, cited by Laist et al. (2001",Not known,"Probably a humpback whale struck by coastguard cutter, offshore Massachusetts. NMFS 1996, cited by Laist et al. (2001). Approximate position. See NMFS /1995), cited by Laist et l. (2001)",Motor yacht (>25m),NA,Missing scientific name,NA,Indeterminate,Not confirmed or missing,Collision,Reported collision,Unknown,FALSE,NA,Unknown outcome,Motor yacht (>25m),Recreational or small craft,Atlantic Ocean - North,Atlantic Ocean,NA,Exact date,1995,1995,1995,Exact date,1990s,FALSE,FALSE,FALSE,FALSE,FALSE
99,1997-09-30T00:00:00Z,NA,Pacific Ocean - North,"Resurrection Bay, Prince William Sound, Alaska, USA",NA,Unidentified large whale,Indeterminate,Collision,"The captain on the bridge and passengers at the bow suddenly saw a large whale surface immediately ahead of the vessel. The captain immediately throttled down to avoid a collision, but the whale was hit hard. (Laist et al. 2001)",Not known,"Unknown large whale hit by a whale-watching vessel, Alaska. Laist et al. (2001) Approximate position. See Laist et al. (2001)",Whale watching vessel,NA,Missing scientific name,NA,Indeterminate,Not confirmed or missing,Collision,Reported collision,Unknown,FALSE,NA,Unknown outcome,Whale-watching vessel,Research or whale-watching,Pacific Ocean - North,Pacific Ocean,NA,Exact date,1997,1997,1997,Exact date,1990s,FALSE,FALSE,FALSE,FALSE,FALSE
100,NA,1960,Atlantic Ocean - Mediterranean Sea,"between Marseille and Algiers, France and Algeria",Balaenoptera physalus,fin whale,Indeterminate,Collision,NA,NA,Panigada et al. 2006. Mediterranean fin whales at risk from fatal ship strikes.,NA,Balaenoptera physalus,Identified to species,Balaenoptera physalus,Indeterminate,Not confirmed or missing,Collision,Reported collision,Unknown,FALSE,NA,Unknown outcome,Unknown,Unknown,Atlantic Ocean - Mediterranean Sea,Atlantic Ocean,1960,Descriptive year,1960,1960,1960,Descriptive date,1960s,TRUE,FALSE,FALSE,FALSE,FALSE
101,NA,"1970, no precise date",Atlantic Ocean - Mediterranean Sea,unknown,Balaenoptera physalus,fin whale,Indeterminate,Collision,NA,NA,Panigada et al. 2006. Mediterranean fin whales at risk from fatal ship strikes.,NA,Balaenoptera physalus,Identified to species,Balaenoptera physalus,Indeterminate,Not confirmed or missing,Collision,Reported collision,Unknown,FALSE,NA,Unknown outcome,Unknown,Unknown,Atlantic Ocean - Mediterranean Sea,Atlantic Ocean,"1970, no precise date",Descriptive year,1970,1970,1970,Descriptive date,1970s,TRUE,FALSE,FALSE,FALSE,FALSE
102,1973-08-13T00:00:00Z,NA,Atlantic Ocean - Mediterranean Sea,"between Nice, France and Calvi, Corsica",Unidentified baleanopterid whale,Unidentified balaenopterid whale,Unconfirmed,Collision,on bow,NA,"Panigada et al. 2006. Uncertain species on bow car-ferry 'Corse', Ligurian Sea, August 1973",NA,Unidentified balaenopterid whale,Unidentified cetacean,NA,Unconfirmed,Not confirmed or missing,Collision,Reported collision,Unknown,FALSE,NA,Unknown outcome,Unknown,Unknown,Atlantic Ocean - Mediterranean Sea,Atlantic Ocean,NA,Exact date,1973,1973,1973,Exact date,1970s,FALSE,FALSE,FALSE,FALSE,FALSE
103,NA,1981-1982,Atlantic Ocean - Mediterranean Sea,unknown,Balaenoptera physalus,fin whale,Indeterminate,Collision,NA,NA,Panigada et al. 2006. Mediterranean fin whales at risk from fatal ship strikes.,NA,Balaenoptera physalus,Identified to species,Balaenoptera physalus,Indeterminate,Not confirmed or missing,Collision,Reported collision,Unknown,FALSE,NA,Unknown outcome,Unknown,Unknown,Atlantic Ocean - Mediterranean Sea,Atlantic Ocean,1981-1982,Date range,1981,1982,NA,No single usable year,NA,TRUE,FALSE,FALSE,FALSE,FALSE
104,1986-08-18T00:00:00Z,NA,Atlantic Ocean - Mediterranean Sea,"Tunis, Tunisia",NA,Unidentified large whale,Indeterminate,Collision,on bow,NA,"Panigada et al. 2006. Uncertain species on bow car-ferry Esterel, Tunis, August 1986",NA,NA,Missing scientific name,NA,Indeterminate,Not confirmed or missing,Collision,Reported collision,Unknown,FALSE,NA,Unknown outcome,Unknown,Unknown,Atlantic Ocean - Mediterranean Sea,Atlantic Ocean,NA,Exact date,1986,1986,1986,Exact date,1980s,FALSE,FALSE,FALSE,FALSE,FALSE
105,NA,1994,Atlantic Ocean - Mediterranean Sea,"Var, France",Balaenoptera physalus,fin whale,Indeterminate,Collision,NA,NA,Panigada et al. 2006. Mediterranean fin whales at risk from fatal ship strikes.,Container ship,Balaenoptera physalus,Identified to species,Balaenoptera physalus,Indeterminate,Not confirmed or missing,Collision,Reported collision,Unknown,FALSE,NA,Unknown outcome,Container ship,Cargo or tanker,Atlantic Ocean - Mediterranean Sea,Atlantic Ocean,1994,Descriptive year,1994,1994,1994,Descriptive date,1990s,TRUE,FALSE,FALSE,FALSE,FALSE
106,1998-11-18T00:00:00Z,NA,Atlantic Ocean - Mediterranean Sea,Ligurian Sea,NA,Unidentified large whale,Indeterminate,Collision,NA,NA,Panigada et al. 2006. Mediterranean fin whales at risk from fatal ship strikes.,NA,NA,Missing scientific name,NA,Indeterminate,Not confirmed or missing,Collision,Reported collision,Unknown,FALSE,NA,Unknown outcome,Unknown,Unknown,Atlantic Ocean - Mediterranean Sea,Atlantic Ocean,NA,Exact date,1998,1998,1998,Exact date,1990s,FALSE,FALSE,FALSE,FALSE,FALSE
107,1997-12-10T00:00:00Z,NA,Pacific Ocean - North,"Southern Prince William Sound, Alaska, USA",Physeter macrocephalus,sperm whale,Confirmed,Collision,"While longline fishing for black cod, the vessel’s bow struck the whale’s tail. (Laist et al. 2001)",Apparently minor external injury,"Sperm whale interacting with long-line fishing vessel hit with no apparent injury, Alaska, USA. Laist et al. (2001) Approximate position",Fishing vessel,Physeter macrocephalus,Identified to species,Physeter macrocephalus,Confirmed,Confirmed identification,Collision,Reported collision,Minor injury,TRUE,0,Non-fatal known outcome,Fishing vessel,Fishing or whaling,Pacific Ocean - North,Pacific Ocean,NA,Exact date,1997,1997,1997,Exact date,1990s,TRUE,TRUE,TRUE,TRUE,TRUE
108,NA,1997,Atlantic Ocean - North,Gran Canaria Island,Physeter macrocephalus,sperm whale,Confirmed,Collision,A loud sound was heard and the bodies of both animals were observed behind the vessel amidst blood. (Laist et al. 2001),Death,"Sperm whale mother-calf pair struck by ferry, Canary Islands. Necropsy made to both individuals but no indication of stranding is suggested. Laist et al. (2001)",Ferry,Physeter macrocephalus,Identified to species,Physeter macrocephalus,Confirmed,Confirmed identification,Collision,Reported collision,Death,TRUE,1,Fatal,Ferry,Passenger or ferry,Atlantic Ocean - North,Atlantic Ocean,1997,Descriptive year,1997,1997,1997,Descriptive date,1990s,TRUE,TRUE,TRUE,TRUE,TRUE
109,1998-05-08T00:00:00Z,NA,Atlantic Ocean - Mediterranean Sea,"Between offshore Ajacio (West Corsica) and Nice Harbor, France",NA,Unidentified large whale,NA,Collision,At about 2230 offshore Ajaccio (west of Corsica) the vessel hit an unidentified whale (Laist et al. 2001),Not known,"Unknown whale struck by high-speed ferry, Mediterranean Sea, France. Laist et al. (2001) and Collet.",High-speed ferry,NA,Missing scientific name,NA,Missing,Not confirmed or missing,Collision,Reported collision,Unknown,FALSE,NA,Unknown outcome,High-speed ferry,Passenger or ferry,Atlantic Ocean - Mediterranean Sea,Atlantic Ocean,NA,Exact date,1998,1998,1998,Exact date,1990s,FALSE,FALSE,FALSE,FALSE,FALSE
110,1998-12-09T00:00:00Z,NA,Atlantic Ocean - North,"Stellwagen Bank, Massachusetts Bay, US East Coast",Balaenoptera acutorostrata,Common minke whale,Unconfirmed,Collision,a 6-m minke whale surfaced about 14 m in front of the vessel’s bow and dove quickly. The vessel lurched and the whale came up immediately behind the vessel with a deep bleeding gash believed mortal,Death,"Minke whale struck by whale-watching vessel, Massachussetts, USA. Laist et al (2001) and M. Weinrich",Whale watching vessel,Balaenoptera acutorostrata,Identified to species,Balaenoptera acutorostrata,Unconfirmed,Not confirmed or missing,Collision,Reported collision,Death,TRUE,1,Fatal,Whale-watching vessel,Research or whale-watching,Atlantic Ocean - North,Atlantic Ocean,NA,Exact date,1998,1998,1998,Exact date,1990s,TRUE,TRUE,FALSE,TRUE,TRUE
111,2000-11-01T00:00:00Z,NA,Atlantic Ocean - Caribbean Sea,"100 km SW Bonaire Island, southern Caribbean",Balaenoptera omurai,Omura’s whale,Unconfirmed,Collision,"Upon arriving at Bonaire, the harbor master noticed a whale on the ship’s bulbous bow.",Death,"Bryde's whale struck and stuck on bow of passenger ship, Caribbean Sea. Laist et al. (2001). Approximate position: From an unexplained decrease in speed to 35 km/h noted in the vessel log, it was determined that the whale was struck in darkness at 0430 ab",Passenger vessel,Balaenoptera omurai,Identified to species,Balaenoptera omurai,Unconfirmed,Not confirmed or missing,Collision,Reported collision,Death,TRUE,1,Fatal,Passenger vessel,Passenger or ferry,Atlantic Ocean - Caribbean Sea,Atlantic Ocean,NA,Exact date,2000,2000,2000,Exact date,2000s,TRUE,TRUE,FALSE,TRUE,TRUE
112,2000-02-02T00:00:00Z,NA,Southern Ocean,Antarctic Peninsula,Megaptera novaeangliae,humpback whale,Confirmed,Collision,"One whale, with its mouth wide open, came up directly before the bow and was hit. There was a loud thud and a shudder.",Severe external visible injury,"Humpback whale struck by passenger ship, Antarctic Peninsula. (Laist et al. 2001). At about 1930hrs, two whales were seen surfacing about 3 km and again about 1.6 km ahead of the ship. These or other whales approach the ship later and one of them was hit.",Passenger vessel,Megaptera novaeangliae,Identified to species,Megaptera novaeangliae,Confirmed,Confirmed identification,Collision,Reported collision,Severe injury,TRUE,0,Non-fatal known outcome,Passenger vessel,Passenger or ferry,Southern Ocean,Southern Ocean,NA,Exact date,2000,2000,2000,Exact date,2000s,TRUE,TRUE,TRUE,TRUE,TRUE
113,1998-03-03T00:00:00Z,NA,Atlantic Ocean - North,"Narrangansett Bay, Rhode Island Sound, USA",Balaenoptera musculus,blue whale,Confirmed,Collision,on bow,Death,"Jensen and Silber, 2003. Large whale ship strike database.",NA,Balaenoptera musculus,Identified to species,Balaenoptera musculus,Confirmed,Confirmed identification,Collision,Reported collision,Death,TRUE,1,Fatal,Unknown,Unknown,Atlantic Ocean - North,Atlantic Ocean,NA,Exact date,1998,1998,1998,Exact date,1990s,TRUE,TRUE,TRUE,FALSE,TRUE
114,1997-07-20T00:00:00Z,NA,Atlantic Ocean - North,"Cape Cod Bay, East coast, Massachusetts, USA",Megaptera novaeangliae,humpback whale,Confirmed,Collision,"whale observed 5-10 ft under surface, thump heard, ship felt shudder, whale struck on starboard",Not known,"Jensen and Silber, 2003. Large whale ship strike database.",Motor yacht (>25m),Megaptera novaeangliae,Identified to species,Megaptera novaeangliae,Confirmed,Confirmed identification,Collision,Reported collision,Unknown,FALSE,NA,Unknown outcome,Motor yacht (>25m),Recreational or small craft,Atlantic Ocean - North,Atlantic Ocean,NA,Exact date,1997,1997,1997,Exact date,1990s,TRUE,FALSE,TRUE,FALSE,FALSE
115,1996-07-15T00:00:00Z,NA,Atlantic Ocean - North,"Off Race, Massachusetts, East coast, USA",Balaenoptera acutorostrata,Common minke whale,Indeterminate,Collision,"whale hit, resurfaced, no sign of injury",NA,"Jensen and Silber, 2003. Collisions between ships and whales.",NA,Balaenoptera acutorostrata,Identified to species,Balaenoptera acutorostrata,Indeterminate,Not confirmed or missing,Collision,Reported collision,Unknown,FALSE,NA,Unknown outcome,Unknown,Unknown,Atlantic Ocean - North,Atlantic Ocean,NA,Exact date,1996,1996,1996,Exact date,1990s,TRUE,FALSE,FALSE,FALSE,FALSE
116,1995-11-14T00:00:00Z,NA,Atlantic Ocean - North,"Below old Cooper River, Charleston, East coast, USA",Balaenoptera physalus,fin whale,Confirmed,Collision,thud and shudder felt,Death,"Jensen and Silber, 2003. Large whale ship strike database.Female, 10 m",NA,Balaenoptera physalus,Identified to species,Balaenoptera physalus,Confirmed,Confirmed identification,Collision,Reported collision,Death,TRUE,1,Fatal,Unknown,Unknown,Atlantic Ocean - North,Atlantic Ocean,NA,Exact date,1995,1995,1995,Exact date,1990s,TRUE,TRUE,TRUE,FALSE,TRUE
117,1995-08-13T00:00:00Z,NA,Atlantic Ocean - North,"48km of Cape Cod, MA, East coast, USA",Balaenoptera physalus,fin whale,Confirmed,Collision,"vibration felt while ship underway off Cape Cod, whale found on ship's bow in Bermuda with spine broken and extensive bruises",Death,"Jensen and Silber, 2003. Blue whale found draped across bulbous bow (tanker), east coast US, RI, March 1998. estimated 17m",NA,Balaenoptera physalus,Identified to species,Balaenoptera physalus,Confirmed,Confirmed identification,Collision,Reported collision,Death,TRUE,1,Fatal,Unknown,Unknown,Atlantic Ocean - North,Atlantic Ocean,NA,Exact date,1995,1995,1995,Exact date,1990s,TRUE,TRUE,TRUE,FALSE,TRUE
118,1995-02-01T00:00:00Z,February 1995,Atlantic Ocean - North,"Off North Carolina, East coast, USA",NA,Unidentified large whale,Indeterminate,Collision,"whale brached in front of submarine, struck bow, slid down vessel starboard, may have been injured on right side",Not known,"Jensen and Silber, 2003. Large whale ship strike database.",Submarine,NA,Missing scientific name,NA,Indeterminate,Not confirmed or missing,Collision,Reported collision,Unknown,FALSE,NA,Unknown outcome,Submarine,Government or naval,Atlantic Ocean - North,Atlantic Ocean,february 1995,Exact date,1995,1995,1995,Exact date,1990s,FALSE,FALSE,FALSE,FALSE,FALSE
119,1994-07-19T00:00:00Z,NA,Atlantic Ocean - North,"Stellwagen Bank NMS, Massachusetts, East coast, USA",Megaptera novaeangliae,humpback whale,Confirmed,Collision,NA,Not known,"Jensen and Silber, 2003. Sei whale, est. 15m, came in Charlestown on bow container ship, November 1994, east coast US, Massachusetts",Not known,Megaptera novaeangliae,Identified to species,Megaptera novaeangliae,Confirmed,Confirmed identification,Collision,Reported collision,Unknown,FALSE,NA,Unknown outcome,Unknown,Unknown,Atlantic Ocean - North,Atlantic Ocean,NA,Exact date,1994,1994,1994,Exact date,1990s,TRUE,FALSE,TRUE,FALSE,FALSE
120,1993-10-07T00:00:00Z,NA,Atlantic Ocean - North,"2 km off Atlantic City, New Jersey, east coast USA",Megaptera novaeangliae,humpback whale,Confirmed,Collision,"animal hit while vessel accelerating, 15 min later animal observed ""wobbling"" while diving blood seen in water",Severe external visible injury,"Jensen and Silber, 2003. Large whale ship strike database.",Sport fishing vessel,Megaptera novaeangliae,Identified to species,Megaptera novaeangliae,Confirmed,Confirmed identification,Collision,Reported collision,Severe injury,TRUE,0,Non-fatal known outcome,Sport fishing vessel,Fishing or whaling,Atlantic Ocean - North,Atlantic Ocean,NA,Exact date,1993,1993,1993,Exact date,1990s,TRUE,TRUE,TRUE,TRUE,TRUE
121,1993-03-31T00:00:00Z,NA,Atlantic Ocean - North,"New York Harbor, Staten Island, New York, East coast USA",Balaenoptera acutorostrata,Common minke whale,Confirmed,Collision,"brought in on ship bow, reported to government as ship strike",Death,"Jensen and Silber, 2003.Minke, 7.5m, on ship bow, Navy, New York, March 1993",NA,Balaenoptera acutorostrata,Identified to species,Balaenoptera acutorostrata,Confirmed,Confirmed identification,Collision,Reported collision,Death,TRUE,1,Fatal,Unknown,Unknown,Atlantic Ocean - North,Atlantic Ocean,NA,Exact date,1993,1993,1993,Exact date,1990s,TRUE,TRUE,TRUE,FALSE,TRUE
122,1993-01-05T00:00:00Z,NA,Atlantic Ocean - North,"between Mayport and Ft Pierce, Florida, East coast USA",Eubalaena glacialis,North Atlantic right whale,Confirmed,Collision,calf hit,Death,Jensen and Silber 2003. Large whale ship strike database. Calf,U.S. Coast Guard,Eubalaena glacialis,Identified to species,Eubalaena glacialis,Confirmed,Confirmed identification,Collision,Reported collision,Death,TRUE,1,Fatal,US Coast Guard vessel,Government or naval,Atlantic Ocean - North,Atlantic Ocean,NA,Exact date,1993,1993,1993,Exact date,1990s,TRUE,TRUE,TRUE,TRUE,TRUE
123,1991-07-06T00:00:00Z,NA,Atlantic Ocean - North,"East of Delaware Bay, East coast USA",Eubalaena glacialis,North Atlantic right whale,Confirmed,Collision,"2 whales 50yds off bow, calf rolled out from ship W/propeller gashes on body, sank rostrum up, obviously dead",Death,Jensen and Silber 2003. Large whale ship strike database.,U.S. Coast Guard,Eubalaena glacialis,Identified to species,Eubalaena glacialis,Confirmed,Confirmed identification,Collision,Reported collision,Death,TRUE,1,Fatal,US Coast Guard vessel,Government or naval,Atlantic Ocean - North,Atlantic Ocean,NA,Exact date,1991,1991,1991,Exact date,1990s,TRUE,TRUE,TRUE,TRUE,TRUE
124,1991-06-21T00:00:00Z,NA,Atlantic Ocean - North,"Stellwagen Bank, Massachusetts, East coast, USA",Megaptera novaeangliae,humpback whale,Confirmed,Collision,"bow struck and rode up over whale, fresh nick observed between nares and dorsal fin, subsequently re-sighted healthy",Apparently minor external injury,"Jensen and Silber, 2003. Large whale ship strike database.",Whale watching vessel,Megaptera novaeangliae,Identified to species,Megaptera novaeangliae,Confirmed,Confirmed identification,Collision,Reported collision,Minor injury,TRUE,0,Non-fatal known outcome,Whale-watching vessel,Research or whale-watching,Atlantic Ocean - North,Atlantic Ocean,NA,Exact date,1991,1991,1991,Exact date,1990s,TRUE,TRUE,TRUE,TRUE,TRUE
125,1988-08-13T00:00:00Z,NA,Atlantic Ocean - North,"Baltimore, Maryland, East coast, USA",Balaenoptera borealis,sei whale,Confirmed,Collision,on bow,Death,Jensen and Silber 2003. Large whale ship strike database.,Not known,Balaenoptera borealis,Identified to species,Balaenoptera borealis,Confirmed,Confirmed identification,Collision,Reported collision,Death,TRUE,1,Fatal,Unknown,Unknown,Atlantic Ocean - North,Atlantic Ocean,NA,Exact date,1988,1988,1988,Exact date,1980s,TRUE,TRUE,TRUE,FALSE,TRUE
126,1986-05-06T00:00:00Z,NA,Atlantic Ocean - North,"Hoboken, New Jersey, East coast, USA",Balaenoptera physalus,fin whale,Confirmed,Collision,brought into port on bow,Death,Jensen and Silber 2003. Large whale ship strike database.,Not known,Balaenoptera physalus,Identified to species,Balaenoptera physalus,Confirmed,Confirmed identification,Collision,Reported collision,Death,TRUE,1,Fatal,Unknown,Unknown,Atlantic Ocean - North,Atlantic Ocean,NA,Exact date,1986,1986,1986,Exact date,1980s,TRUE,TRUE,TRUE,FALSE,TRUE
127,1984-08-01T00:00:00Z,August 1984,Atlantic Ocean - North,"Stellwagen Bank NMS, Massachusetts, East coast USA",Balaenoptera physalus,fin whale,Confirmed,Collision,"whale surfaced immediately in front of vessel, not resighted after collision",Severe external visible injury,Jensen and Silber 2003. Large whale ship strike database.,Whale watching vessel,Balaenoptera physalus,Identified to species,Balaenoptera physalus,Confirmed,Confirmed identification,Collision,Reported collision,Severe injury,TRUE,0,Non-fatal known outcome,Whale-watching vessel,Research or whale-watching,Atlantic Ocean - North,Atlantic Ocean,august 1984,Exact date,1984,1984,1984,Exact date,1980s,TRUE,TRUE,TRUE,TRUE,TRUE
128,1984-03-07T00:00:00Z,NA,Atlantic Ocean - North,"Baltimore, Maryland, East coast USA",Balaenoptera physalus,fin whale,Confirmed,Collision,"brought into port on bow of ship, bruising evident",Death,Jensen and Silber 2003. Large whale ship strike database.,Not known,Balaenoptera physalus,Identified to species,Balaenoptera physalus,Confirmed,Confirmed identification,Collision,Reported collision,Death,TRUE,1,Fatal,Unknown,Unknown,Atlantic Ocean - North,Atlantic Ocean,NA,Exact date,1984,1984,1984,Exact date,1980s,TRUE,TRUE,TRUE,FALSE,TRUE
129,1982-08-02T00:00:00Z,NA,Atlantic Ocean - North,"Elizabeth City, East coast, USA",Balaenoptera physalus,fin whale,Confirmed,Collision,"brought in on bow of ship, hit off Boston , MA",Death,Jensen and Silber 2003. Large whale ship strike database.,Not known,Balaenoptera physalus,Identified to species,Balaenoptera physalus,Confirmed,Confirmed identification,Collision,Reported collision,Death,TRUE,1,Fatal,Unknown,Unknown,Atlantic Ocean - North,Atlantic Ocean,NA,Exact date,1982,1982,1982,Exact date,1980s,TRUE,TRUE,TRUE,FALSE,TRUE
130,1981-03-31T00:00:00Z,NA,Atlantic Ocean - North,"Atlantic City, New Jersey, East coast, USA",Balaenoptera physalus,fin whale,Confirmed,Collision,brought in port on bow of ship,Death,Jensen and Silber 2003. Large whale ship strike database.,Not known,Balaenoptera physalus,Identified to species,Balaenoptera physalus,Confirmed,Confirmed identification,Collision,Reported collision,Death,TRUE,1,Fatal,Unknown,Unknown,Atlantic Ocean - North,Atlantic Ocean,NA,Exact date,1981,1981,1981,Exact date,1980s,TRUE,TRUE,TRUE,FALSE,TRUE
131,1987-10-18T00:00:00Z,NA,Atlantic Ocean - North,"Baltimore, Maryland, East coast USA",Balaenoptera physalus,fin whale,Confirmed,Collision,brought into port on bow,Death,Jensen and Silber 2003. Large whale ship strike database,Cruise Ship,Balaenoptera physalus,Identified to species,Balaenoptera physalus,Confirmed,Confirmed identification,Collision,Reported collision,Death,TRUE,1,Fatal,Cruise ship,Passenger or ferry,Atlantic Ocean - North,Atlantic Ocean,NA,Exact date,1987,1987,1987,Exact date,1980s,TRUE,TRUE,TRUE,TRUE,TRUE
132,NA,winter 1972,Atlantic Ocean - North,"approx 97 km of Boston, Massachusetts, East coast USA",Eubalaena glacialis,North Atlantic right whale,Unconfirmed,Collision,whale drapped across ship's bow,Death,Jensen and Silber 2003. Large whale ship strike database,Container ship,Eubalaena glacialis,Identified to species,Eubalaena glacialis,Unconfirmed,Not confirmed or missing,Collision,Reported collision,Death,TRUE,1,Fatal,Container ship,Cargo or tanker,Atlantic Ocean - North,Atlantic Ocean,winter 1972,Descriptive year,1972,1972,1972,Descriptive date,1970s,TRUE,TRUE,FALSE,TRUE,TRUE
133,NA,August 1952,Atlantic Ocean - North,"139 km off Montauk, Long Island, New York, East coast USA",NA,Unidentified large whale,Indeterminate,Collision,"whale seen off port, submerged a few seconds before impact",Not known,Laist et al. 2001. Jensen and Silber 2003. Whale approx 15 m,Naval vessel,NA,Missing scientific name,NA,Indeterminate,Not confirmed or missing,Collision,Reported collision,Unknown,FALSE,NA,Unknown outcome,Naval vessel,Government or naval,Atlantic Ocean - North,Atlantic Ocean,august 1952,Descriptive year,1952,1952,1952,Descriptive date,1950s,FALSE,FALSE,FALSE,FALSE,FALSE
134,NA,1885,Atlantic Ocean - North,"32 km of Nantuket, Massachusetts, East coast USA",Unidentified cetacean,NA,Indeterminate,Collision,"vessel's port bow collided w/whale, whle then seen rolling as if in distress",Not known,Laist et al. 2001.,Pilot boat,Unidentified cetacean,Unidentified cetacean,NA,Indeterminate,Not confirmed or missing,Collision,Reported collision,Unknown,FALSE,NA,Unknown outcome,Pilot boat,Other or industrial,Atlantic Ocean - North,Atlantic Ocean,1885,Descriptive year,1885,1885,1885,Descriptive date,1880s,FALSE,FALSE,FALSE,FALSE,FALSE
135,1997-09-27T00:00:00Z,NA,Atlantic Ocean - North,"St Lawrence Estuary, Eastern Canada",Megaptera novaeangliae,humpback whale,Confirmed,Collision,vessel struck humpback after it surfaced off bow,Indeterminate visible injury,Jensen and Silber 2003. Large whale ship strike database.,Whale whatching vessel,Megaptera novaeangliae,Identified to species,Megaptera novaeangliae,Confirmed,Confirmed identification,Collision,Reported collision,Indeterminate injury,TRUE,0,Non-fatal known outcome,Whale-watching vessel,Research or whale-watching,Atlantic Ocean - North,Atlantic Ocean,NA,Exact date,1997,1997,1997,Exact date,1990s,TRUE,TRUE,TRUE,TRUE,TRUE
136,1993-07-29T00:00:00Z,NA,Atlantic Ocean - North,"Bay of Fundy, Eastern Canada",Balaenoptera physalus,fin whale,Confirmed,Collision,whale surfaced and struck bow of vessel,Indeterminate visible injury,Jensen and Silber 2003. Large whale ship strike database. Whale surfaced and struck bow of whale watch vessel,Whale whatching vessel,Balaenoptera physalus,Identified to species,Balaenoptera physalus,Confirmed,Confirmed identification,Collision,Reported collision,Indeterminate injury,TRUE,0,Non-fatal known outcome,Whale-watching vessel,Research or whale-watching,Atlantic Ocean - North,Atlantic Ocean,NA,Exact date,1993,1993,1993,Exact date,1990s,TRUE,TRUE,TRUE,TRUE,TRUE
137,1992-06-20T00:00:00Z,NA,Atlantic Ocean - North,"Tadoussac, St Lawrence Estuary, Eastern Canada",Balaenoptera physalus,fin whale,Confirmed,Collision,vessel collided with whale while whale watching,Indeterminate visible injury,Jensen and Silber 2003. Large whale ship strike database. Vessel collided with whale while whale-watching.,Whale whatching vessel,Balaenoptera physalus,Identified to species,Balaenoptera physalus,Confirmed,Confirmed identification,Collision,Reported collision,Indeterminate injury,TRUE,0,Non-fatal known outcome,Whale-watching vessel,Research or whale-watching,Atlantic Ocean - North,Atlantic Ocean,NA,Exact date,1992,1992,1992,Exact date,1990s,TRUE,TRUE,TRUE,TRUE,TRUE
138,NA,July 1967 (day not known),Atlantic Ocean - North,"South of Halifax, Eastern Canada",Unidentified cetacean,NA,Indeterminate,Collision,"whale stuck on bow after vessel speed registered too slow, whale sank when vessel backed down to remove it.",Death,"Jensen and Silber 2003. Large whale ship strike database. Unknown species stuck on bow, navy.",Not known,Unidentified cetacean,Unidentified cetacean,NA,Indeterminate,Not confirmed or missing,Collision,Reported collision,Death,TRUE,1,Fatal,Unknown,Unknown,Atlantic Ocean - North,Atlantic Ocean,july 1967 (day not known),Descriptive year,1967,1967,1967,Descriptive date,1960s,FALSE,FALSE,FALSE,FALSE,TRUE
139,2002-10-02T00:00:00Z,NA,Pacific Ocean - North,"Cherry Point, Washington, US West coast",Balaenoptera physalus,fin whale,Confirmed,Collision,NA,Death,"Jensen and Silber 2003. Fin whale, whale measured 18.5m",Oil tanker,Balaenoptera physalus,Identified to species,Balaenoptera physalus,Confirmed,Confirmed identification,Collision,Reported collision,Death,TRUE,1,Fatal,Oil tanker,Cargo or tanker,Pacific Ocean - North,Pacific Ocean,NA,Exact date,2002,2002,2002,Exact date,2000s,TRUE,TRUE,TRUE,TRUE,TRUE
140,2002-08-09T00:00:00Z,NA,Pacific Ocean - North,"Elliot Bay, Seattle, Washington, US West Coast",Balaenoptera physalus,fin whale,Confirmed,Collision,"whale brought in on bow of ship, gored, strike was pre-mortem",Death,Jensen and Silber 2003. Finback on bow container ship. Whale measured 17 m,Container ship,Balaenoptera physalus,Identified to species,Balaenoptera physalus,Confirmed,Confirmed identification,Collision,Reported collision,Death,TRUE,1,Fatal,Container ship,Cargo or tanker,Pacific Ocean - North,Pacific Ocean,NA,Exact date,2002,2002,2002,Exact date,2000s,TRUE,TRUE,TRUE,TRUE,TRUE
141,2002-07-17T00:00:00Z,NA,Pacific Ocean - North,"8 mi NW of Point Benito, San Fran, California, West coast USA",Balaenoptera musculus,blue whale,Confirmed,Collision,"four dorsal propeller gashes, animal eviscarated by encounter",Death,"Jensen and Silber 2003. Blue whale, propeller gashes, eviscerated. Whale measured 22-25m",Not known,Balaenoptera musculus,Identified to species,Balaenoptera musculus,Confirmed,Confirmed identification,Collision,Reported collision,Death,TRUE,1,Fatal,Unknown,Unknown,Pacific Ocean - North,Pacific Ocean,NA,Exact date,2002,2002,2002,Exact date,2000s,TRUE,TRUE,TRUE,FALSE,TRUE
142,2001-08-20T00:00:00Z,NA,Pacific Ocean - North,"Channel Islands, 25 nm off San Clemente Is, California, West coast USA",Unidentified cetacean,NA,Indeterminate,Collision,"whale observed off starboard, shudder felt",Indeterminate visible injury,"Jensen and Silber 2001. Collision with navy vessel, unknown species.",Naval vessel,Unidentified cetacean,Unidentified cetacean,NA,Indeterminate,Not confirmed or missing,Collision,Reported collision,Indeterminate injury,TRUE,0,Non-fatal known outcome,Naval vessel,Government or naval,Pacific Ocean - North,Pacific Ocean,NA,Exact date,2001,2001,2001,Exact date,2000s,FALSE,FALSE,FALSE,TRUE,TRUE
143,2001-08-15T00:00:00Z,NA,Pacific Ocean - North,"Channel Is. Off San Clemente Is, California, West coast USA",Unidentified cetacean,NA,Indeterminate,Collision,"whale rolled over after collision, disappeared under ship",Indeterminate visible injury,"Jensen and Silber 2003. Navy vessel, blood observed, unknown species.",Naval vessel,Unidentified cetacean,Unidentified cetacean,NA,Indeterminate,Not confirmed or missing,Collision,Reported collision,Indeterminate injury,TRUE,0,Non-fatal known outcome,Naval vessel,Government or naval,Pacific Ocean - North,Pacific Ocean,NA,Exact date,2001,2001,2001,Exact date,2000s,FALSE,FALSE,FALSE,TRUE,TRUE
144,2001-07-28T00:00:00Z,NA,Pacific Ocean - North,"10 mi off Solana Beach, San Diego, California, West coast USA",Unidentified cetacean,NA,Indeterminate,Collision,"prior to strike, whale observed 30 yds off bow, after strike, whale surfaced off port blow and swam away, no blood observed",Not known,"Jensen and Silber 2003. Navy vessel, unknown species, alive after collision, no blood.",Naval vessel,Unidentified cetacean,Unidentified cetacean,NA,Indeterminate,Not confirmed or missing,Collision,Reported collision,Unknown,FALSE,NA,Unknown outcome,Naval vessel,Government or naval,Pacific Ocean - North,Pacific Ocean,NA,Exact date,2001,2001,2001,Exact date,2000s,FALSE,FALSE,FALSE,FALSE,FALSE
145,2001-01-09T00:00:00Z,NA,Pacific Ocean - North,"3 mi offshore Montana de Oro State Park, California, West coast USA",Eschrichtius robustus,gray whale,NA,Collision,"animal ighted trashing at surface, flukes completely svered, final status unknown",Severe external visible injury,"Jensen and Silber 2003. Gray whale calf, flukes severed, probably died. 3.6m length calf",Not known,Eschrichtius robustus,Identified to species,Eschrichtius robustus,Missing,Not confirmed or missing,Collision,Reported collision,Severe injury,TRUE,0,Non-fatal known outcome,Unknown,Unknown,Pacific Ocean - North,Pacific Ocean,NA,Exact date,2001,2001,2001,Exact date,2000s,TRUE,TRUE,FALSE,FALSE,TRUE
146,1999-05-05T00:00:00Z,NA,Pacific Ocean - North,"3 nm offshore, Davenport, California, West coast USA",Unidentified cetacean,NA,Indeterminate,Collision,"ship hit whale and it breached 2-3 times, no blood observed",Not known,"Jensen and Silber 2003. Unknown species, US coastguard vessel, no blood.",US Coast guard,Unidentified cetacean,Unidentified cetacean,NA,Indeterminate,Not confirmed or missing,Collision,Reported collision,Unknown,FALSE,NA,Unknown outcome,US Coast Guard vessel,Government or naval,Pacific Ocean - North,Pacific Ocean,NA,Exact date,1999,1999,1999,Exact date,1990s,FALSE,FALSE,FALSE,FALSE,FALSE
147,1998-04-28T00:00:00Z,NA,Pacific Ocean - North,"En route to San Diego, California, West coast USA",Eschrichtius robustus,gray whale,Confirmed,Collision,"whale sighted at 200 yds, 10 min later ship shuddered, whale observed draped aound upper bow stem then sank",Death,"Jensen and Silber 2003. Gray whale, juvenile, hit by Navy vessel, dead, west coast US, California, April 1998.",Naval vessel,Eschrichtius robustus,Identified to species,Eschrichtius robustus,Confirmed,Confirmed identification,Collision,Reported collision,Death,TRUE,1,Fatal,Naval vessel,Government or naval,Pacific Ocean - North,Pacific Ocean,NA,Exact date,1998,1998,1998,Exact date,1990s,TRUE,TRUE,TRUE,TRUE,TRUE
148,1998-04-24T00:00:00Z,NA,Pacific Ocean - North,"California, West coast USA",Eschrichtius robustus,gray whale,Confirmed,Collision,"whale sighted 1nm off bow, 1.5 hrs later found wrapped around bow, ship back down, whale sank.",Death,"Jensen and Silber 2003. Gray whale, juvenile, hit by Navy vessel after being sighted 1.5 hrs before.",Naval vessel,Eschrichtius robustus,Identified to species,Eschrichtius robustus,Confirmed,Confirmed identification,Collision,Reported collision,Death,TRUE,1,Fatal,Naval vessel,Government or naval,Pacific Ocean - North,Pacific Ocean,NA,Exact date,1998,1998,1998,Exact date,1990s,TRUE,TRUE,TRUE,TRUE,TRUE
149,1998-01-02T00:00:00Z,NA,Pacific Ocean - North,"San Pedro, LA county, California, West coast of USA",Eschrichtius robustus,gray whale,Confirmed,Collision,"collision resulted in six 1-ft gashes in animal'side, final sttus unknown",Severe external visible injury,"Jensen and Silber 2003. Gray whale, hit by US coastguard vessel, severely injured.",US Coast Guard,Eschrichtius robustus,Identified to species,Eschrichtius robustus,Confirmed,Confirmed identification,Collision,Reported collision,Severe injury,TRUE,0,Non-fatal known outcome,US Coast Guard vessel,Government or naval,Pacific Ocean - North,Pacific Ocean,NA,Exact date,1998,1998,1998,Exact date,1990s,TRUE,TRUE,TRUE,TRUE,TRUE
150,1999-01-23T00:00:00Z,NA,Pacific Ocean - North,"Off Coronado Is., 5 mi from West End, California, West coast USA",Eschrichtius robustus,gray whale,Confirmed,Collision,animal appeared stunned after collision and swam away,Not known,"Jensen and Silber 2003. Gray whale, juvenile. Stunned but alive after collision, swam away. Eyewitnessed, whale about 7.6 m",Not known,Eschrichtius robustus,Identified to species,Eschrichtius robustus,Confirmed,Confirmed identification,Collision,Reported collision,Unknown,FALSE,NA,Unknown outcome,Unknown,Unknown,Pacific Ocean - North,Pacific Ocean,NA,Exact date,1999,1999,1999,Exact date,1990s,TRUE,FALSE,TRUE,FALSE,FALSE
151,1997-08-31T00:00:00Z,NA,Pacific Ocean - North,"Dixon Entrance, West coast Canada",Eschrichtius robustus,gray whale,Indeterminate,Collision,"called in by passenger, audible sound of boat strike as whale surfaced directly in path of vessel",Not known,Jensen and Silber 2003. Unknown species hit by cruise ship. Canadian waters. Field ID 97045,NA,Eschrichtius robustus,Identified to species,Eschrichtius robustus,Indeterminate,Not confirmed or missing,Collision,Reported collision,Unknown,FALSE,NA,Unknown outcome,Unknown,Unknown,Pacific Ocean - North,Pacific Ocean,NA,Exact date,1997,1997,1997,Exact date,1990s,TRUE,FALSE,FALSE,FALSE,FALSE
152,1997-02-15T00:00:00Z,NA,Pacific Ocean - North,"11 mi off Catalina Island, California, West coast USA",Unidentified cetacean,NA,Indeterminate,Collision,blood in water after collision,Indeterminate visible injury,"Jensen and Silber 2003. Unknown species hit by inflatable boat, blood seen in water.",Rigid inlatable/inflatable,Unidentified cetacean,Unidentified cetacean,NA,Indeterminate,Not confirmed or missing,Collision,Reported collision,Indeterminate injury,TRUE,0,Non-fatal known outcome,Rigid inflatable/inflatable,Recreational or small craft,Pacific Ocean - North,Pacific Ocean,NA,Exact date,1997,1997,1997,Exact date,1990s,FALSE,FALSE,FALSE,TRUE,TRUE
153,1997-02-11T00:00:00Z,NA,Pacific Ocean - North,"LA Harbor, California, West coast USA",Balaenoptera physalus,fin whale,Confirmed,Collision,"carcass brought on bow, head and tail missing",Death,"Jensen and Silber 2003. Fin whale, immature, on bow, freighter or container, west coast US, California, November 1997. Field ID JEH 483, est 7.6 m.",Freighter or container,Balaenoptera physalus,Identified to species,Balaenoptera physalus,Confirmed,Confirmed identification,Collision,Reported collision,Death,TRUE,1,Fatal,Freighter or container,Cargo or tanker,Pacific Ocean - North,Pacific Ocean,NA,Exact date,1997,1997,1997,Exact date,1990s,TRUE,TRUE,TRUE,TRUE,TRUE
154,1996-09-17T00:00:00Z,NA,Pacific Ocean - North,"Huntington Beach, California, West coast USA",Balaenoptera physalus,fin whale,Confirmed,Collision,brought into harbour on bow of freighter,Death,"Jensen and Silber 2003. Fin whale, 14.5m, brought into harbour on bow of freighter, September 1996. Whale estimated 14.5 m",Freighter,Balaenoptera physalus,Identified to species,Balaenoptera physalus,Confirmed,Confirmed identification,Collision,Reported collision,Death,TRUE,1,Fatal,Freighter,Cargo or tanker,Pacific Ocean - North,Pacific Ocean,NA,Exact date,1996,1996,1996,Exact date,1990s,TRUE,TRUE,TRUE,TRUE,TRUE
155,1995-03-07T00:00:00Z,NA,Pacific Ocean - North,"2.5 mi SE of Point Loma, San Diego, California, West coast USA",Eschrichtius robustus,gray whale,Confirmed,Collision,eyewitness account: animal hit in tail stock area,Not known,"Jensen and Silber 2003. Gray whale hit in tail region by small private vessel, no blood",Motor yacht (unknown size),Eschrichtius robustus,Identified to species,Eschrichtius robustus,Confirmed,Confirmed identification,Collision,Reported collision,Unknown,FALSE,NA,Unknown outcome,Motor yacht (unknown size),Recreational or small craft,Pacific Ocean - North,Pacific Ocean,NA,Exact date,1995,1995,1995,Exact date,1990s,TRUE,FALSE,TRUE,FALSE,FALSE
156,1995-01-02T00:00:00Z,NA,Pacific Ocean - North,"Off Anacapa Is. Channel Is., California, West coast USA",Eschrichtius robustus,gray whale,Confirmed,Collision,"eyewitnesse account, whale initially exhibited erratic behavior when hit then swam awy",Not known,"Jensen and Silber 2003. Gray whale, whale watch vessel, whale alive, no blood",Submarine,Eschrichtius robustus,Identified to species,Eschrichtius robustus,Confirmed,Confirmed identification,Collision,Reported collision,Unknown,FALSE,NA,Unknown outcome,Submarine,Government or naval,Pacific Ocean - North,Pacific Ocean,NA,Exact date,1995,1995,1995,Exact date,1990s,TRUE,FALSE,TRUE,FALSE,FALSE
157,1993-04-06T00:00:00Z,NA,Pacific Ocean - North,"En route from San Diego to Dana Pt, California, West coast USA",Eschrichtius robustus,gray whale,Confirmed,Collision,"whale received 7 x 3-4 in slice along back, circled after collision, bleeding profusely, rolled over, stopped moving",Severe external visible injury,"Jensen and Silber 2003. Gray whale, Navy, severely injured.",Naval vessel,Eschrichtius robustus,Identified to species,Eschrichtius robustus,Confirmed,Confirmed identification,Collision,Reported collision,Severe injury,TRUE,0,Non-fatal known outcome,Naval vessel,Government or naval,Pacific Ocean - North,Pacific Ocean,NA,Exact date,1993,1993,1993,Exact date,1990s,TRUE,TRUE,TRUE,TRUE,TRUE
158,1991-08-12T00:00:00Z,NA,Pacific Ocean - North,"LA harbor, California, West coast USA",Balaenoptera physalus,fin whale,Confirmed,Collision,whale hit by ship north of LA harbor and brought in draped across bow,Death,"Jensen and Silber 2003. Finback, cruise ship (American President), dead, brought in Los Angeles port draped around bow, west coast US, August 1991. Whale length 13.5 m",NA,Balaenoptera physalus,Identified to species,Balaenoptera physalus,Confirmed,Confirmed identification,Collision,Reported collision,Death,TRUE,1,Fatal,Unknown,Unknown,Pacific Ocean - North,Pacific Ocean,NA,Exact date,1991,1991,1991,Exact date,1990s,TRUE,TRUE,TRUE,FALSE,TRUE
159,1991-08-06T00:00:00Z,NA,Pacific Ocean - North,"San Diego County, California, West coast USA",Eschrichtius robustus,gray whale,Confirmed,Collision,"animal suffered 7 x3x4 in gash on dorsal surface from propeller, bled profuesely after collision, then floated belly up.",Death,"Jensen and Silber 2003. Gray whale, hit by propeller, bled and died.",Naval vessel,Eschrichtius robustus,Identified to species,Eschrichtius robustus,Confirmed,Confirmed identification,Collision,Reported collision,Death,TRUE,1,Fatal,Naval vessel,Government or naval,Pacific Ocean - North,Pacific Ocean,NA,Exact date,1991,1991,1991,Exact date,1990s,TRUE,TRUE,TRUE,TRUE,TRUE
160,1990-10-15T00:00:00Z,NA,Pacific Ocean - North,"Open waters of San Clemente Is. California, West coast USA",Unidentified cetacean,NA,Indeterminate,Collision,"vessel collided with whale, large blood pool observed",Severe external visible injury,"Jensen and Silber 2003. Unknown species, hit by navy boat, probably died, lots of blood.",Naval vessel,Unidentified cetacean,Unidentified cetacean,NA,Indeterminate,Not confirmed or missing,Collision,Reported collision,Severe injury,TRUE,0,Non-fatal known outcome,Naval vessel,Government or naval,Pacific Ocean - North,Pacific Ocean,NA,Exact date,1990,1990,1990,Exact date,1990s,FALSE,FALSE,FALSE,TRUE,TRUE
161,1990-05-31T00:00:00Z,NA,Pacific Ocean - North,"Open waters S of Clemente Island, Channel Is. California, West coast USA",Unidentified cetacean,NA,Indeterminate,Collision,"ship struck left side of whale, large portion of whale's remains floated at surface, ten sank",Death,"Silber and Jensen 2003. Unknown species hit by navy vessel, died.",Naval vessel,Unidentified cetacean,Unidentified cetacean,NA,Indeterminate,Not confirmed or missing,Collision,Reported collision,Death,TRUE,1,Fatal,Naval vessel,Government or naval,Pacific Ocean - North,Pacific Ocean,NA,Exact date,1990,1990,1990,Exact date,1990s,FALSE,FALSE,FALSE,TRUE,TRUE
162,NA,late 1980's,Pacific Ocean - North,"Seattle, Washington, West coast USA",Balaenoptera physalus,fin whale,Confirmed,Collision,ship en route from Japan arrived in harbor w/whale drapped across bow,Death,"Silber and Jensen 2003. Finback, on bow of container ship from Japan, Seattle, west coast, late 1980s. Whale estimated 20 m",Container ship,Balaenoptera physalus,Identified to species,Balaenoptera physalus,Confirmed,Confirmed identification,Collision,Reported collision,Death,TRUE,1,Fatal,Container ship,Cargo or tanker,Pacific Ocean - North,Pacific Ocean,late 1980's,Decade only,1980,1989,NA,No single usable year,NA,TRUE,TRUE,TRUE,TRUE,TRUE
163,1989-06-11T00:00:00Z,NA,Pacific Ocean - North,"Tacoma, Washington, West coast USA",Balaenoptera musculus,blue whale,Confirmed,Collision,whale drapped across bow of ship arriving from Southern California,Death,"Jensen and Silber 2003. Blue whale draped around bow of container ship, west coast USA, November 1989.",Container ship,Balaenoptera musculus,Identified to species,Balaenoptera musculus,Confirmed,Confirmed identification,Collision,Reported collision,Death,TRUE,1,Fatal,Container ship,Cargo or tanker,Pacific Ocean - North,Pacific Ocean,NA,Exact date,1989,1989,1989,Exact date,1980s,TRUE,TRUE,TRUE,TRUE,TRUE
164,1987-08-03T00:00:00Z,NA,Pacific Ocean - North,"California, West coast USA",Balaenoptera musculus,blue whale,Confirmed,Collision,hit in St Barbara Ch. Pushed into harbour,Death,"Jensen and Silber 2003. Blue whale, female juvenile, hit by container ship in Santa Barbara Channel, California, August 1987",NA,Balaenoptera musculus,Identified to species,Balaenoptera musculus,Confirmed,Confirmed identification,Collision,Reported collision,Death,TRUE,1,Fatal,Unknown,Unknown,Pacific Ocean - North,Pacific Ocean,NA,Exact date,1987,1987,1987,Exact date,1980s,TRUE,TRUE,TRUE,FALSE,TRUE
165,1994-08-08T00:00:00Z,NA,Pacific Ocean - South,northern lagoon of New Caledonia,NA,Unidentified large whale,Indeterminate,Collision,See Borsa (2004),Not known,"Large whale hit by research vessel in New Caledonia, SW Pacific (Borsa, 2006)",Fishing vessel (< 300grt),NA,Missing scientific name,NA,Indeterminate,Not confirmed or missing,Collision,Reported collision,Unknown,FALSE,NA,Unknown outcome,Fishing vessel (<300 GRT),Fishing or whaling,Pacific Ocean - South,Pacific Ocean,NA,Exact date,1994,1994,1994,Exact date,1990s,FALSE,FALSE,FALSE,FALSE,FALSE
166,NA,March 1997,Pacific Ocean - South,"Canal Woodin, New Caledonia",NA,Unidentified large whale,Indeterminate,Collision,See Borsa (2006),Severe external visible injury,"Unidentified whale hit by catamaran in SW Pacific, New Caledonia (Borsa 2006)",Motor yacht (>25m),NA,Missing scientific name,NA,Indeterminate,Not confirmed or missing,Collision,Reported collision,Severe injury,TRUE,0,Non-fatal known outcome,Motor yacht (>25m),Recreational or small craft,Pacific Ocean - South,Pacific Ocean,march 1997,Descriptive year,1997,1997,1997,Descriptive date,1990s,FALSE,FALSE,FALSE,TRUE,TRUE
167,NA,February 1998,Pacific Ocean - South,"Passe de la Sarcelle, New Caledonia",NA,Unidentified large whale,Indeterminate,Collision,See Borsa (2006),Severe external visible injury,"Unidentified whale hit by catamaran, SW Pacific, New Caledonia",Motor yacht (>25m),NA,Missing scientific name,NA,Indeterminate,Not confirmed or missing,Collision,Reported collision,Severe injury,TRUE,0,Non-fatal known outcome,Motor yacht (>25m),Recreational or small craft,Pacific Ocean - South,Pacific Ocean,february 1998,Descriptive year,1998,1998,1998,Descriptive date,1990s,FALSE,FALSE,FALSE,TRUE,TRUE
168,NA,August 2002,Pacific Ocean - South,"Southwestern Lagoon, New Caledonia",Megaptera novaeangliae,humpback whale,Confirmed,Collision,See Borsa (2006),Not known,"Humpback whale hit by boat, SW Pacific, New Caledonia. See Borsa (2006)",Sailing vessel,Megaptera novaeangliae,Identified to species,Megaptera novaeangliae,Confirmed,Confirmed identification,Collision,Reported collision,Unknown,FALSE,NA,Unknown outcome,Sailing vessel,Recreational or small craft,Pacific Ocean - South,Pacific Ocean,august 2002,Descriptive year,2002,2002,2002,Descriptive date,2000s,TRUE,FALSE,TRUE,FALSE,FALSE
169,NA,July 2001,Indian Ocean,"Cape Jervis, Southern Australia",Eubalaena australis,southern right whale,Confirmed,Collision,See Kemper et al. (2005),Death,Southern right whale hit by ferry in Southern Australia. Kemper et al. (2005),Ferry,Eubalaena australis,Identified to species,Eubalaena australis,Confirmed,Confirmed identification,Collision,Reported collision,Death,TRUE,1,Fatal,Ferry,Passenger or ferry,Indian Ocean,Indian Ocean,july 2001,Descriptive year,2001,2001,2001,Descriptive date,2000s,TRUE,TRUE,TRUE,TRUE,TRUE
170,1965-12-29T00:00:00Z,NA,Pacific Ocean - North,"200 km of San Francisco, California, West coast USA",Physeter macrocephalus,sperm whale,Confirmed,Collision,"vessel approached cow/calf pair, female dove and was hit while surfacing, thrashing whale see in boat's wake",Severe external visible injury,"Jensen and Silber 2003. Sperm whale cow and calf, female severely hit, whale catcher boat. California, USA.",Whale catcher boat,Physeter macrocephalus,Identified to species,Physeter macrocephalus,Confirmed,Confirmed identification,Collision,Reported collision,Severe injury,TRUE,0,Non-fatal known outcome,Whale catcher boat,Fishing or whaling,Pacific Ocean - North,Pacific Ocean,NA,Exact date,1965,1965,1965,Exact date,1960s,TRUE,TRUE,TRUE,TRUE,TRUE
171,2002-04-04T00:00:00Z,NA,Pacific Ocean - North,"several nm of Maalaea Harbor, Maui, Hawaii",Megaptera novaeangliae,humpback whale,Confirmed,Collision,"vessel in neutral, whale surfaced underneath and lifted right stern of vessel several inches",Not known,"Jensen and Silber 2003. Humpback whale, Hawaii, whale-watch catamaran, no sign of injury. Whale apparently unhurt",Whale watching vessel,Megaptera novaeangliae,Identified to species,Megaptera novaeangliae,Confirmed,Confirmed identification,Collision,Reported collision,Unknown,FALSE,NA,Unknown outcome,Whale-watching vessel,Research or whale-watching,Pacific Ocean - North,Pacific Ocean,NA,Exact date,2002,2002,2002,Exact date,2000s,TRUE,FALSE,TRUE,FALSE,FALSE
172,2001-06-19T00:00:00Z,NA,Pacific Ocean - North,"Dixon entrance, Alaska",Megaptera novaeangliae,humpback whale,Confirmed,Collision,"whale surface 10 ft in front of vessel, ship backed down and came to all stop, crew heard thump.",Not known,"Jensen and Silber 2003. Humpback whale, Alaska, whale hit by US coastguard.",NA,Megaptera novaeangliae,Identified to species,Megaptera novaeangliae,Confirmed,Confirmed identification,Collision,Reported collision,Unknown,FALSE,NA,Unknown outcome,Unknown,Unknown,Pacific Ocean - North,Pacific Ocean,NA,Exact date,2001,2001,2001,Exact date,2000s,TRUE,FALSE,TRUE,FALSE,FALSE
173,2001-02-13T00:00:00Z,NA,Pacific Ocean - North,"Olowalu Pt, Maui",Megaptera novaeangliae,humpback whale,Confirmed,Collision,"bump felt on starboard, vessel heeled slightly, young whale surfaced 75 yds away in wake",Not known,"jensen and Silber 2003. Young humpback whale, Maui, whale watch catamaran, no blood seen. Whale 5-6 m long",Whale watching vessel,Megaptera novaeangliae,Identified to species,Megaptera novaeangliae,Confirmed,Confirmed identification,Collision,Reported collision,Unknown,FALSE,NA,Unknown outcome,Whale-watching vessel,Research or whale-watching,Pacific Ocean - North,Pacific Ocean,NA,Exact date,2001,2001,2001,Exact date,2000s,TRUE,FALSE,TRUE,FALSE,FALSE
174,2001-02-08T00:00:00Z,NA,Pacific Ocean - North,"2-3 nm S of Club Lanai, Hawaii",Megaptera novaeangliae,humpback whale,NA,Collision,"whale surfaced in front of vessel and wa struck by keel, dove and swam away, blood seen in water",Indeterminate visible injury,"Jensen and Silber 2003. Humpback whale, injured, whale watching inflatable raft, injury, Hawaii.",Rigid inflatable/inflatable,Megaptera novaeangliae,Identified to species,Megaptera novaeangliae,Missing,Not confirmed or missing,Collision,Reported collision,Indeterminate injury,TRUE,0,Non-fatal known outcome,Rigid inflatable/inflatable,Recreational or small craft,Pacific Ocean - North,Pacific Ocean,NA,Exact date,2001,2001,2001,Exact date,2000s,TRUE,TRUE,FALSE,TRUE,TRUE
175,2000-08-16T00:00:00Z,NA,Pacific Ocean - North,"Uyak Bay, Alaska",Balaenoptera physalus,fin whale,Confirmed,Collision,"whale surfaced and vessel came down on top of it, animal appeared to be unijured and swam away",NA,"Jensen and Silber 2003. Fin whale, Alaska, US coastguard vessel, no sign of injury.",US Coast Guard vessel,Balaenoptera physalus,Identified to species,Balaenoptera physalus,Confirmed,Confirmed identification,Collision,Reported collision,Unknown,FALSE,NA,Unknown outcome,US Coast Guard vessel,Government or naval,Pacific Ocean - North,Pacific Ocean,NA,Exact date,2000,2000,2000,Exact date,2000s,TRUE,FALSE,TRUE,FALSE,FALSE
176,1999-11-02T00:00:00Z,NA,Pacific Ocean - North,"Matlakatla, Alaska",Megaptera novaeangliae,humpback whale,Confirmed,Collision,"vessel struck whale while underway, skin left on bow",Severe external visible injury,"Jensen and Silber 2003. Humpback whale, severely injured, Bayliner pleasure craft.",Motor yacht (<25m),Megaptera novaeangliae,Identified to species,Megaptera novaeangliae,Confirmed,Confirmed identification,Collision,Reported collision,Severe injury,TRUE,0,Non-fatal known outcome,Motor yacht (<25m),Recreational or small craft,Pacific Ocean - North,Pacific Ocean,NA,Exact date,1999,1999,1999,Exact date,1990s,TRUE,TRUE,TRUE,TRUE,TRUE
177,1999-07-28T00:00:00Z,NA,Pacific Ocean - North,"Stephens passage, 60 mi S of Juneau, Alaska",Megaptera novaeangliae,humpback whale,Confirmed,Collision,"vibration felt while underway, whale observed wrapped arounf ship's bow, came loose and sank when ship slowed down",Death,"Jensen and Silber 2003. Humpback whale, hit by bow of cruise ship, died, Alaska, July 1999.",Passenger vessel,Megaptera novaeangliae,Identified to species,Megaptera novaeangliae,Confirmed,Confirmed identification,Collision,Reported collision,Death,TRUE,1,Fatal,Passenger vessel,Passenger or ferry,Pacific Ocean - North,Pacific Ocean,NA,Exact date,1999,1999,1999,Exact date,1990s,TRUE,TRUE,TRUE,TRUE,TRUE
178,1999-06-04T00:00:00Z,NA,Pacific Ocean - North,"Vancouver, West coast Canada-Alaska",Balaenoptera physalus,fin whale,Confirmed,Collision,"ship arrived in harbor en route from Alaska, carcass drapped across bow, captain and crew unaware of strike",NA,"Jensen and Silber 2003. Fin whale, on bow cruise ship from Alaska to Vancouver, June 1999, seen Vancouver harbour, crew and captain unaware. Whale estimated 20 m long",Cruise ship,Balaenoptera physalus,Identified to species,Balaenoptera physalus,Confirmed,Confirmed identification,Collision,Reported collision,Unknown,FALSE,NA,Unknown outcome,Cruise ship,Passenger or ferry,Pacific Ocean - North,Pacific Ocean,NA,Exact date,1999,1999,1999,Exact date,1990s,TRUE,FALSE,TRUE,FALSE,FALSE
179,1999-02-16T00:00:00Z,NA,Pacific Ocean - North,"2 mi of Magregor Point, Maui, Hawaii",Megaptera novaeangliae,humpback whale,Confirmed,Collision,"boat made contact w/whale, animal surfaced w/blood in water then dove, cut observed on back behind dorsal fin",Indeterminate visible injury,"Jensen and Silber 2003. Humpback whale, hit by a fishing charter, blood seen, Maui. Juvenile whale",Motor yacht (<25m),Megaptera novaeangliae,Identified to species,Megaptera novaeangliae,Confirmed,Confirmed identification,Collision,Reported collision,Indeterminate injury,TRUE,0,Non-fatal known outcome,Motor yacht (<25m),Recreational or small craft,Pacific Ocean - North,Pacific Ocean,NA,Exact date,1999,1999,1999,Exact date,1990s,TRUE,TRUE,TRUE,TRUE,TRUE
180,1998-09-24T00:00:00Z,NA,Pacific Ocean - North,"North Pass, outside Juneau, SE Alaska",Megaptera novaeangliae,humpback whale,Confirmed,Collision,"whale surfaced under bow as boat crossed its back, spasmed and dove, knocked vessel and cracked its hull",Not known,"Jensen and Silber 2003. Humpback whale, injured by Bayliner, damaged vessel, Alaska. 18 m long whale",Whale watching vessel,Megaptera novaeangliae,Identified to species,Megaptera novaeangliae,Confirmed,Confirmed identification,Collision,Reported collision,Unknown,FALSE,NA,Unknown outcome,Whale-watching vessel,Research or whale-watching,Pacific Ocean - North,Pacific Ocean,NA,Exact date,1998,1998,1998,Exact date,1990s,TRUE,FALSE,TRUE,FALSE,FALSE
181,NA,July 2001,Indian Ocean,"Cape Jervis, Southern Australia",Eubalaena australis,southern right whale,Confirmed,Collision,See Kemper et al. (2005),Death,"Northern right whale death possibly by ship strike, Virginia Beach, USA (Dolman et al. 2006, Nelson et al., 2007). See Kemper et al. (2005)",Ferry,Eubalaena australis,Identified to species,Eubalaena australis,Confirmed,Confirmed identification,Collision,Reported collision,Death,TRUE,1,Fatal,Ferry,Passenger or ferry,Indian Ocean,Indian Ocean,july 2001,Descriptive year,2001,2001,2001,Descriptive date,2000s,TRUE,TRUE,TRUE,TRUE,TRUE
182,2005-10-03T00:00:00Z,NA,Atlantic Ocean - North,"Cumberland Island, Georgia, US East Coast",Eubalaena glacialis,North Atlantic right whale,Confirmed,Collision,"Female (adult) struck by vessel (Dolman et al., 2006), injured, probably dead",Severe external visible injury,"Northern right whale injured (probably fatally) by ship strike, Georgia, USA. Dolman et al. (2006), Nelson et al. (2007) resighted 9/4/05 in extremely poor conditions",NA,Eubalaena glacialis,Identified to species,Eubalaena glacialis,Confirmed,Confirmed identification,Collision,Reported collision,Severe injury,TRUE,0,Non-fatal known outcome,Unknown,Unknown,Atlantic Ocean - North,Atlantic Ocean,NA,Exact date,2005,2005,2005,Exact date,2000s,TRUE,TRUE,TRUE,FALSE,TRUE
183,2005-07-13T00:00:00Z,NA,Atlantic Ocean - North,"Massachusetts, US East Coast",Eubalaena glacialis,North Atlantic right whale,Confirmed,Collision,"Alive strike (Dolman et al., 2006)",Not known,"Northern right whale struck alive, Massachusetts, USA, Dolman et al. (2006). Data from NMFS - Protected Resources Office",NA,Eubalaena glacialis,Identified to species,Eubalaena glacialis,Confirmed,Confirmed identification,Collision,Reported collision,Unknown,FALSE,NA,Unknown outcome,Unknown,Unknown,Atlantic Ocean - North,Atlantic Ocean,NA,Exact date,2005,2005,2005,Exact date,2000s,TRUE,FALSE,TRUE,FALSE,FALSE
184,2006-01-16T00:00:00Z,NA,Atlantic Ocean - Gulf of Mexico,Texas,Eubalaena glacialis,North Atlantic right whale,Confirmed,Collision,"Alive strike (Dolman et al., 2006)",Not known,"Calf northern right whale struck alive by vessel, Texas, USA (Dolman et al. 2006). Calf, struck alive",NA,Eubalaena glacialis,Identified to species,Eubalaena glacialis,Confirmed,Confirmed identification,Collision,Reported collision,Unknown,FALSE,NA,Unknown outcome,Unknown,Unknown,Atlantic Ocean - Gulf of Mexico,Atlantic Ocean,NA,Exact date,2006,2006,2006,Exact date,2000s,TRUE,FALSE,TRUE,FALSE,FALSE
185,1998-08-11T00:00:00Z,NA,Pacific Ocean - North,"North Pass, outside Juneau, SE Alaska",Megaptera novaeangliae,humpback whale,Confirmed,Collision,"whale surfaced under catamaran while idling, no evidence of injury",NA,"Jensen and Silber 2003. Humpback whale. Whale-watch catamaran, no sign of injury. Alaska.",NA,Megaptera novaeangliae,Identified to species,Megaptera novaeangliae,Confirmed,Confirmed identification,Collision,Reported collision,Unknown,FALSE,NA,Unknown outcome,Unknown,Unknown,Pacific Ocean - North,Pacific Ocean,NA,Exact date,1998,1998,1998,Exact date,1990s,TRUE,FALSE,TRUE,FALSE,FALSE
186,1998-03-30T00:00:00Z,NA,Pacific Ocean - North,"near Pearl Harbour, Hawaii",Unidentified cetacean,NA,Indeterminate,Collision,"whale crossed 20 ft in fornt of ship's bow back and forth, vessel struck animal on 2nd crossing, animal swam away",Not known,"Jensen and Silber 2003. Unknown species. Hit by navy vessel, fate unknown, near Pearl Harbour. Field ID EN-98-06-OH, size estimated 3.6m.",Submarine,Unidentified cetacean,Unidentified cetacean,NA,Indeterminate,Not confirmed or missing,Collision,Reported collision,Unknown,FALSE,NA,Unknown outcome,Submarine,Government or naval,Pacific Ocean - North,Pacific Ocean,NA,Exact date,1998,1998,1998,Exact date,1990s,FALSE,FALSE,FALSE,FALSE,FALSE
187,1997-10-12T00:00:00Z,NA,Pacific Ocean - North,"60 mi south of Middleton Is, Prince William Sound, Alaska",Physeter macrocephalus,sperm whale,Confirmed,Collision,"captain reported whale hit on tail, seemed unharmed, went bak to feeding.",Not known,"Jensen and Silber 2003. Sperm whale, hit by fishing vessel, apparently unharmed, Alaska. Whale estimated 12-15 m",Fishing vessel (<300grt),Physeter macrocephalus,Identified to species,Physeter macrocephalus,Confirmed,Confirmed identification,Collision,Reported collision,Unknown,FALSE,NA,Unknown outcome,Fishing vessel (<300 GRT),Fishing or whaling,Pacific Ocean - North,Pacific Ocean,NA,Exact date,1997,1997,1997,Exact date,1990s,TRUE,FALSE,TRUE,FALSE,FALSE
188,1997-07-12T00:00:00Z,NA,Pacific Ocean - North,"NW Shelter Is, outside Juneau, Alaska",Megaptera novaeangliae,humpback whale,Confirmed,Collision,"whale hit skiff, turning it over and dumping two people in into water.",Indeterminate visible injury,Jensen and Silber 2003. Humpback whale hit by skiff. Injured. Two people in water.,Motor yacht (<25m),Megaptera novaeangliae,Identified to species,Megaptera novaeangliae,Confirmed,Confirmed identification,Collision,Reported collision,Indeterminate injury,TRUE,0,Non-fatal known outcome,Motor yacht (<25m),Recreational or small craft,Pacific Ocean - North,Pacific Ocean,NA,Exact date,1997,1997,1997,Exact date,1990s,TRUE,TRUE,TRUE,TRUE,TRUE
189,1997-05-30T00:00:00Z,NA,Pacific Ocean - North,"Resurrection Bay, Prince William Sound, Alaska",NA,Unidentified large whale,Indeterminate,Collision,"large whale surfaced in front of vessel, captain throttled down but whale was hit hard",Not known,"Jensen and Silber 2003. Large whale, hit whale-watch vessel in Alaska",Whale watching vessel,NA,Missing scientific name,NA,Indeterminate,Not confirmed or missing,Collision,Reported collision,Unknown,FALSE,NA,Unknown outcome,Whale-watching vessel,Research or whale-watching,Pacific Ocean - North,Pacific Ocean,NA,Exact date,1997,1997,1997,Exact date,1990s,FALSE,FALSE,FALSE,FALSE,FALSE
190,1996-05-16T00:00:00Z,NA,Pacific Ocean - North,"Blying Sound, Gulf of Alaska",Unidentified cetacean,NA,Indeterminate,Collision,"whale surfaced 50yds off vessel, attempt to turn unsuccessful, impact felt, blood in water, no carcass",Indeterminate visible injury,"Jensen and Silber 2003. Unknown whale species. Hit by US coastguard vessel, blood seen, Alaska",Motor yacht (>25m),Unidentified cetacean,Unidentified cetacean,NA,Indeterminate,Not confirmed or missing,Collision,Reported collision,Indeterminate injury,TRUE,0,Non-fatal known outcome,Motor yacht (>25m),Recreational or small craft,Pacific Ocean - North,Pacific Ocean,NA,Exact date,1996,1996,1996,Exact date,1990s,FALSE,FALSE,FALSE,TRUE,TRUE
191,1996-01-16T00:00:00Z,NA,Pacific Ocean - North,"Maui, off Kihei, Hawaii",Megaptera novaeangliae,humpback whale,Confirmed,Collision,vessel came down on top of whale (three in close pod),NA,"Jensen and Silber 2003. Humpback whale, Maui, whale watch catamaran on top of whale.",Motor yacht (>25m),Megaptera novaeangliae,Identified to species,Megaptera novaeangliae,Confirmed,Confirmed identification,Collision,Reported collision,Unknown,FALSE,NA,Unknown outcome,Motor yacht (>25m),Recreational or small craft,Pacific Ocean - North,Pacific Ocean,NA,Exact date,1996,1996,1996,Exact date,1990s,TRUE,FALSE,TRUE,FALSE,FALSE
192,1984-10-16T00:00:00Z,NA,Indian Ocean,"East London Harbor, South Africa",Eubalaena australis,southern right whale,Confirmed,Collision,"cow/calf pair surfaced in front of dredge, calf took full brunt of impact, struck by propeller as ship passed, stranded, died",Death,"Jensen and Silber 2003. Southern right, South Africa, calf killed by Hopper dredge. Calf, estimated 7.2 m",Hopper dredge,Eubalaena australis,Identified to species,Eubalaena australis,Confirmed,Confirmed identification,Collision,Reported collision,Death,TRUE,1,Fatal,Hopper dredge,Other or industrial,Indian Ocean,Indian Ocean,NA,Exact date,1984,1984,1984,Exact date,1980s,TRUE,TRUE,TRUE,TRUE,TRUE
193,NA,October 1973,Indian Ocean - Bay of Bengal,Bay of Bengal,Unidentified cetacean,NA,Indeterminate,Collision,vessel collided w/large whale at night,Not known,"Jensen and Silber 2003. Bay of Bengal, unknown species, mortality, Navy",Naval vessel,Unidentified cetacean,Unidentified cetacean,NA,Indeterminate,Not confirmed or missing,Collision,Reported collision,Unknown,FALSE,NA,Unknown outcome,Naval vessel,Government or naval,Indian Ocean - Bay of Bengal,Indian Ocean,october 1973,Descriptive year,1973,1973,1973,Descriptive date,1970s,FALSE,FALSE,FALSE,FALSE,FALSE
194,1993-11-09T00:00:00Z,NA,Pacific Ocean - South,"Waitemata Harbour, New Zealand",Orcinus orca,killer whale,Confirmed,Collision,"Visser (1999): while orcas were observed near the bow, the boat hit a juvenile animal at stern.",Death,"Juvenile killer whale fatally struck by vessel, New Zealand (Visser 1999). Animal considered dead from vessel strike.",Whale whatching vessel,Orcinus orca,Identified to species,Orcinus orca,Confirmed,Confirmed identification,Collision,Reported collision,Death,TRUE,1,Fatal,Whale-watching vessel,Research or whale-watching,Pacific Ocean - South,Pacific Ocean,NA,Exact date,1993,1993,1993,Exact date,1990s,TRUE,TRUE,TRUE,TRUE,TRUE
195,2006-09-03T00:00:00Z,NA,Pacific Ocean - North,"Keawakapu Beach, Kihei, Maui Island, Hawaii",Megaptera novaeangliae,humpback whale,Confirmed,Collision,Many persons felt the hit and saw mother and calf bleeding,Severe external visible injury,"Humpback whale calf struck by whale-watching vessel, Maui, Hawaii, USA Not indicated if the cow was injured, but it is likely. (Perry, 2006 and Wilson, 2006). Contradictory reports from newspaper Maui News and Honolulu Advertiser.",Whale watching vessel,Megaptera novaeangliae,Identified to species,Megaptera novaeangliae,Confirmed,Confirmed identification,Collision,Reported collision,Severe injury,TRUE,0,Non-fatal known outcome,Whale-watching vessel,Research or whale-watching,Pacific Ocean - North,Pacific Ocean,NA,Exact date,2006,2006,2006,Exact date,2000s,TRUE,TRUE,TRUE,TRUE,TRUE
196,2007-03-02T00:00:00Z,NA,Pacific Ocean - North,"Banderas Bay, Puerto Vallarta, Mexico",Megaptera novaeangliae,humpback whale,Confirmed,Collision,"Photographs and report in the web page of whalewatching organization in Mexico. ""it is very unlikely it will survive on the long term.",Death,"Calf humpback whale struck by unlicensed whale-watching vessel in Banderas Bay, Mexico. Photographs available in reference web page",NA,Megaptera novaeangliae,Identified to species,Megaptera novaeangliae,Confirmed,Confirmed identification,Collision,Reported collision,Death,TRUE,1,Fatal,Unknown,Unknown,Pacific Ocean - North,Pacific Ocean,NA,Exact date,2007,2007,2007,Exact date,2000s,TRUE,TRUE,TRUE,FALSE,TRUE
197,2006-12-28T00:00:00Z,NA,Pacific Ocean - North,"Kauai Island, Hawaii",Megaptera novaeangliae,humpback whale,Confirmed,Collision,Report from operator,NA,"Humpback whale struck by whale-watching vessel, Kahuaii, Hawaii, USA. Honolulu Star Bulletin (February 8, 2007). Boat operator reported a collision with a whale off Kauai.",NA,Megaptera novaeangliae,Identified to species,Megaptera novaeangliae,Confirmed,Confirmed identification,Collision,Reported collision,Unknown,FALSE,NA,Unknown outcome,Unknown,Unknown,Pacific Ocean - North,Pacific Ocean,NA,Exact date,2006,2006,2006,Exact date,2000s,TRUE,FALSE,TRUE,FALSE,FALSE
198,2001-01-18T00:00:00Z,NA,Atlantic Ocean - Caribbean Sea,20 mi of Puerto Rico,Physeter macrocephalus,sperm whale,Confirmed,Collision,"commanding officer felt shudder on impact, large blood slick in ship's wake, found dead upon circling back",Death,"Jensen and Silber 2003. Sperm whale hit by navy vessel; dead, off Puerto Rico.",Naval vessel,Physeter macrocephalus,Identified to species,Physeter macrocephalus,Confirmed,Confirmed identification,Collision,Reported collision,Death,TRUE,1,Fatal,Naval vessel,Government or naval,Atlantic Ocean - Caribbean Sea,Atlantic Ocean,NA,Exact date,2001,2001,2001,Exact date,2000s,TRUE,TRUE,TRUE,TRUE,TRUE
199,2001-02-28T00:00:00Z,NA,Southern Ocean,"Off Enterprise Island, Antarctic Peninsula",Megaptera novaeangliae,humpback whale,Confirmed,Collision,"two whales surfaced immediately in front of zodiac, one hit jusr below dorsal fin, no sign of injury",NA,"Jensen and Silber 2003. Humpback whale, Antarctic Peninsula, hit by Zodiac, no sign of injury.",Rigid inflatable/inflatable,Megaptera novaeangliae,Identified to species,Megaptera novaeangliae,Confirmed,Confirmed identification,Collision,Reported collision,Unknown,FALSE,NA,Unknown outcome,Rigid inflatable/inflatable,Recreational or small craft,Southern Ocean,Southern Ocean,NA,Exact date,2001,2001,2001,Exact date,2000s,TRUE,FALSE,TRUE,FALSE,FALSE
200,2000-02-01T00:00:00Z,February 2000,Southern Ocean,"Off Enterprise Island, Antarctic Peninsula",Megaptera novaeangliae,humpback whale,NA,Collision,"two whales surfaced 14 m off bow, 1 came up directly under bow and was hit w/loud thud and hudder",NA,Jensen and Silber 2003. Humpback whale hit by cruise ship; whale is injured; in Southern Ocean.,Small passenger vessel/cruise ship,Megaptera novaeangliae,Identified to species,Megaptera novaeangliae,Missing,Not confirmed or missing,Collision,Reported collision,Unknown,FALSE,NA,Unknown outcome,Small passenger vessel/cruise ship,Passenger or ferry,Southern Ocean,Southern Ocean,february 2000,Exact date,2000,2000,2000,Exact date,2000s,TRUE,FALSE,FALSE,FALSE,FALSE
201,2000-01-11T00:00:00Z,NA,Atlantic Ocean - Caribbean Sea,SW of Bonaire,Balaenoptera edeni,Bryde's whale,Confirmed,Collision,"harbor master observed whale on ship's bow, time and location determined from decrease in speed during night",Death,"Jensen and Silber 2003. Bryde's whale dead on bow of cruise ship, of San Bonaire, Carribean Sea, January 2000.",Small passenger vessel/cruise ship,Balaenoptera edeni,Identified to species,Balaenoptera edeni,Confirmed,Confirmed identification,Collision,Reported collision,Death,TRUE,1,Fatal,Small passenger vessel/cruise ship,Passenger or ferry,Atlantic Ocean - Caribbean Sea,Atlantic Ocean,NA,Exact date,2000,2000,2000,Exact date,2000s,TRUE,TRUE,TRUE,TRUE,TRUE
202,NA,1979,Pacific Ocean - North,"Off Maui, Hawaii",Megaptera novaeangliae,humpback whale,Confirmed,Collision,"A whale researcher reported that a humpback whale calf dove below her rubber boat, accidentally picking up a pontoon.",Apparently minor external injury,"Humpback whale calf struck by rubber boat, Hawaii, Lammers et al. (2006. )No further details given. Reported in an April 1st, 2002 Star Bulletin article, cited by Lammers et al (2003). Tentative position",Rigid inflatable/inflatable,Megaptera novaeangliae,Identified to species,Megaptera novaeangliae,Confirmed,Confirmed identification,Collision,Reported collision,Minor injury,TRUE,0,Non-fatal known outcome,Rigid inflatable/inflatable,Recreational or small craft,Pacific Ocean - North,Pacific Ocean,1979,Descriptive year,1979,1979,1979,Descriptive date,1970s,TRUE,TRUE,TRUE,TRUE,TRUE
203,1981-02-02T00:00:00Z,NA,Pacific Ocean - North,"1,5 miles off Puako, Hawaii",Megaptera novaeangliae,humpback whale,Unconfirmed,Collision,"""an adult whale breached immediately in front of a trimaran sailing vessel, coming down between the center and starboard pods"", Lammers et al. (2007).",Apparently minor external injury,"Humpback whale struck by sailing vessel, Hawaii, USA. Lammers et al. (2003)Reported in West Hawaii Today and the HIHWNMS Whale incident log, cited by Lammers et al. (2007). Tentative position. Unknown Sailing Vessel",Not known,Megaptera novaeangliae,Identified to species,Megaptera novaeangliae,Unconfirmed,Not confirmed or missing,Collision,Reported collision,Minor injury,TRUE,0,Non-fatal known outcome,Unknown,Unknown,Pacific Ocean - North,Pacific Ocean,NA,Exact date,1981,1981,1981,Exact date,1980s,TRUE,TRUE,FALSE,FALSE,TRUE
204,2006-08-15T00:00:00Z,NA,Pacific Ocean - North,"Stephens Passage, Alaska",Megaptera novaeangliae,humpback whale,NA,Collision,"During the tour the boat went into the path of three oncoming whales and closer than the required 100 yards from the endangered mammals, one whale struck the boat, the boat collided head-on into the back of the whale as it was rolling",Not known,"Humpback whale struck by whale-watching vessel, resulting in a passenger injured, Alaska, USA. Helena Independent Record (2007/04/30). Tentative position. Whale-watching tour operator (Orca Enterprises) has been fined $7,000 plus an additional $2,000 pena",Whale watching vessel,Megaptera novaeangliae,Identified to species,Megaptera novaeangliae,Missing,Not confirmed or missing,Collision,Reported collision,Unknown,FALSE,NA,Unknown outcome,Whale-watching vessel,Research or whale-watching,Pacific Ocean - North,Pacific Ocean,NA,Exact date,2006,2006,2006,Exact date,2000s,TRUE,FALSE,FALSE,FALSE,FALSE
205,2001-11-07T00:00:00Z,NA,Atlantic Ocean - North,"200 miles west Bermuda, US East Coast",Physeter macrocephalus,sperm whale,Unconfirmed,Collision,"""The impact staggered us. We heard the raspy crunch of fiberglass flexing under stress, and a rumbling and bumping under the hull... the stern rise two or three feet out of the water""",Not known,"Unidentified whale struck by sailing vessel, US east coast. (http://www.kestrelboat.com/articles.html). Tentative position. Tissue sample recovered from hull and delivered to J. Mead for further identification. Report taken from R/V Kestrel web page.",Sailing yacht (<25m),Physeter macrocephalus,Identified to species,Physeter macrocephalus,Unconfirmed,Not confirmed or missing,Collision,Reported collision,Unknown,FALSE,NA,Unknown outcome,Sailing yacht (<25m),Recreational or small craft,Atlantic Ocean - North,Atlantic Ocean,NA,Exact date,2001,2001,2001,Exact date,2000s,TRUE,FALSE,FALSE,FALSE,FALSE
206,2000-04-02T00:00:00Z,NA,Pacific Ocean - North,"Off Waimanalo, Oahu, Hawaii",NA,Unidentified large whale,Indeterminate,Collision,"""A 20- ft fishing vessel struck a whale"". Reported in the Honolulu Advertiser, taken from Lammers et al. (2003).",Not known,"A whale struck by fishing vessel off Oahu, Hawaii, USA. (Lammers et al., 2003. )Report taken from Lammers et al. (2003). Tentative position",Fishing vessel,NA,Missing scientific name,NA,Indeterminate,Not confirmed or missing,Collision,Reported collision,Unknown,FALSE,NA,Unknown outcome,Fishing vessel,Fishing or whaling,Pacific Ocean - North,Pacific Ocean,NA,Exact date,2000,2000,2000,Exact date,2000s,FALSE,FALSE,FALSE,FALSE,FALSE
207,2001-02-15T00:00:00Z,NA,Pacific Ocean - North,"Off port Allen, Kauai, Hawaii",Megaptera novaeangliae,humpback whale,Unconfirmed,Collision,"""a juvenile whale breached on top of a stationary 40-ft catamaran engaged in whale watching"".",Apparently minor external injury,"Humpback whale struck a stationary whale-watching catamaran, Hawaii, USA. (Lammers et al., 2003). Reported in the Honolulu Star Bulletin, cited by Lammers et al. (2003). Tentative position",Whale watching vessel,Megaptera novaeangliae,Identified to species,Megaptera novaeangliae,Unconfirmed,Not confirmed or missing,Collision,Reported collision,Minor injury,TRUE,0,Non-fatal known outcome,Whale-watching vessel,Research or whale-watching,Pacific Ocean - North,Pacific Ocean,NA,Exact date,2001,2001,2001,Exact date,2000s,TRUE,TRUE,FALSE,TRUE,TRUE
208,2002-03-15T00:00:00Z,NA,Pacific Ocean - North,"6,2 miles off Maalaea, Maui, , Hawaii",Megaptera novaeangliae,humpback whale,Unconfirmed,Collision,Maui a whale struck a stationary 65-ft catamaran engaged in whale watching with its head.,Apparently minor external injury,"A whale struck a stationary whale-watching vessel, Hawaii, USA (Lammers et al. 2003. Reported in the Honolulu Advertiser, cited by Lammers et al. (2003). Undetermined position",Whale watching vessel,Megaptera novaeangliae,Identified to species,Megaptera novaeangliae,Unconfirmed,Not confirmed or missing,Collision,Reported collision,Minor injury,TRUE,0,Non-fatal known outcome,Whale-watching vessel,Research or whale-watching,Pacific Ocean - North,Pacific Ocean,NA,Exact date,2002,2002,2002,Exact date,2000s,TRUE,TRUE,FALSE,TRUE,TRUE
209,2003-03-27T00:00:00Z,NA,Pacific Ocean - North,"Off Lahaina, Maui, , Hawaii",Megaptera novaeangliae,humpback whale,Unconfirmed,Collision,a calf was reported struck by an undisclosed type of vessel. Witnesses reported seeing scars on the calf’s back.,Not known,"Whale calf struck by vessel, Hawaii, USA. (Lammers et al., 2003). Reported by the NOAA Office of Law Enforcement. Tentative position",NA,Megaptera novaeangliae,Identified to species,Megaptera novaeangliae,Unconfirmed,Not confirmed or missing,Collision,Reported collision,Unknown,FALSE,NA,Unknown outcome,Unknown,Unknown,Pacific Ocean - North,Pacific Ocean,NA,Exact date,2003,2003,2003,Exact date,2000s,TRUE,FALSE,FALSE,FALSE,FALSE
210,2003-10-02T00:00:00Z,NA,Pacific Ocean - North,"Off Maalaea, Maui, , Hawaii",Megaptera novaeangliae,humpback whale,Unconfirmed,Collision,"a whale watching charter boat reported feeling a ""bump"" as it left the harbor. The vessel stopped and saw a subadult whale surface nearby.",Apparently minor external injury,"A whale was struck by charter whale-watching vessel, no injuries, Hawaii, USA. Lammers et al. (2003). Reported by the NOAA Office of Law Enforcement, cited by Lammers et al. (2003). Undetermined position",Whale whatching vessel,Megaptera novaeangliae,Identified to species,Megaptera novaeangliae,Unconfirmed,Not confirmed or missing,Collision,Reported collision,Minor injury,TRUE,0,Non-fatal known outcome,Whale-watching vessel,Research or whale-watching,Pacific Ocean - North,Pacific Ocean,NA,Exact date,2003,2003,2003,Exact date,2000s,TRUE,TRUE,FALSE,TRUE,TRUE
211,2003-07-03T00:00:00Z,past sunset,Pacific Ocean - North,"Off Maalaea, Maui, , Hawaii",Megaptera novaeangliae,humpback whale,Unconfirmed,Collision,a whale watching charter boat struck a whale while returning to the harbor past sunset.,Apparently minor external injury,"Whale struck by whale-watching vessel, Hawaii, USA, Lammers et al. (2003). Reported by the NOAA Office of Law Enforcement, cited by Lammers et al. (2003). Undetermined position",Whale whatching vessel,Megaptera novaeangliae,Identified to species,Megaptera novaeangliae,Unconfirmed,Not confirmed or missing,Collision,Reported collision,Minor injury,TRUE,0,Non-fatal known outcome,Whale-watching vessel,Research or whale-watching,Pacific Ocean - North,Pacific Ocean,past sunset,Exact date,2003,2003,2003,Exact date,2000s,TRUE,TRUE,FALSE,TRUE,TRUE
212,1987-01-01T00:00:00Z,NA,Pacific Ocean - North,"Off Kona, Maui, Hawaii",Megaptera novaeangliae,humpback whale,Unconfirmed,Collision,"boat collided with a whale while traveling at ""full throttle"" (speed not specified), leaving skin and blubber on the driveshaft.",Not known,"Humpback whale struck by diving charter boat, Hawaii, USA (Lammers et al. 2003). ""The extent of the injuries to the whale was unknown"", but can be potentially fatal. Reported in the HIHWNMS Whale incident log, cited by Lammers et al. (2003). Tentative pos",Motor yacht,Megaptera novaeangliae,Identified to species,Megaptera novaeangliae,Unconfirmed,Not confirmed or missing,Collision,Reported collision,Unknown,FALSE,NA,Unknown outcome,Motor yacht,Recreational or small craft,Pacific Ocean - North,Pacific Ocean,NA,Exact date,1987,1987,1987,Exact date,1980s,TRUE,FALSE,FALSE,FALSE,FALSE
213,1988-03-26T00:00:00Z,NA,Pacific Ocean - North,"Off Molokini, Maui, Hawaii",Megaptera novaeangliae,humpback whale,Unconfirmed,Collision,"""a 24- ft vessel traveling at 30 mph struck an adult whale"".",Not known,"Whale struck by vessel off Maui, Hawaii, USA. Lammers et al. (2003). Reported in the Maui News and the HIHWNMS Whale incident log, cited by Lammers et al. (2003). Position not determined.",NA,Megaptera novaeangliae,Identified to species,Megaptera novaeangliae,Unconfirmed,Not confirmed or missing,Collision,Reported collision,Unknown,FALSE,NA,Unknown outcome,Unknown,Unknown,Pacific Ocean - North,Pacific Ocean,NA,Exact date,1988,1988,1988,Exact date,1980s,TRUE,FALSE,FALSE,FALSE,FALSE
214,1990-01-03T00:00:00Z,NA,Pacific Ocean - North,"Off Kawaihae, Hawaii",Megaptera novaeangliae,humpback whale,Unconfirmed,Collision,"""a 19-ft fishing vessel struck a whale as it started up after hauling in a catch. The whale lifted the boat out of the water momentarily"".",Not known,"Whale collided with fishing vessel, Hawaii, USA (Lammers et al. 2003). Reported in Hawaii Fishing News, West Hawaii Today and the HIHWNMS Whale incident log, cited by Lammers et al. (2003). Position not determined",Fishing vessel,Megaptera novaeangliae,Identified to species,Megaptera novaeangliae,Unconfirmed,Not confirmed or missing,Collision,Reported collision,Unknown,FALSE,NA,Unknown outcome,Fishing vessel,Fishing or whaling,Pacific Ocean - North,Pacific Ocean,NA,Exact date,1990,1990,1990,Exact date,1990s,TRUE,FALSE,FALSE,FALSE,FALSE
215,1995-02-22T00:00:00Z,NA,Pacific Ocean - North,"Off Lahaina, Maui, Hawaii",Megaptera novaeangliae,humpback whale,Unconfirmed,Collision,"""a 65- ft sailing vessel struck a mother/calf pair. A mark was reportedly visible on the mother"".",Not known,"Mother-calf pair humpback whales struck by sailing vessel, Hawaii, USA. (Lammers et al. 2003). Reported in the Star Bulletin, Honolulu Advertiser, the Maui News and the HIHWNMS Whale incident log. Cited by Lammers et al. (2003). Tentative position",Sailing vessel,Megaptera novaeangliae,Identified to species,Megaptera novaeangliae,Unconfirmed,Not confirmed or missing,Collision,Reported collision,Unknown,FALSE,NA,Unknown outcome,Sailing vessel,Recreational or small craft,Pacific Ocean - North,Pacific Ocean,NA,Exact date,1995,1995,1995,Exact date,1990s,TRUE,FALSE,FALSE,FALSE,FALSE
216,1998-01-01T00:00:00Z,NA,Pacific Ocean - North,"Off Maui, Hawaii",Unidentified cetacean,NA,Indeterminate,Collision,"A ""whale was struck off Maui by an 82- ft twin hull vessel"".",Not known,"Unidentified whale, presumed humpback whale, struck by vessel off Maui, Hawaii, USA. Lammers et al. (2003). A cetacean presumed to be a humpback whale. No specific location reported. Reported in NMFS database, cited by Lammers et al (2003)",Unknown,Unidentified cetacean,Unidentified cetacean,NA,Indeterminate,Not confirmed or missing,Collision,Reported collision,Unknown,FALSE,NA,Unknown outcome,Unknown,Unknown,Pacific Ocean - North,Pacific Ocean,NA,Exact date,1998,1998,1998,Exact date,1990s,FALSE,FALSE,FALSE,FALSE,FALSE
217,2002-11-01T00:00:00Z,NA,Pacific Ocean - Tasman Sea,"Waterfall Bay, south of Eaglehawk Neck on the Tasman Peninsula, Australia.",Eubalaena australis,southern right whale,Confirmed,Collision,"The whale, believed to be a mother protecting a calf, rose up under the boat, lifting it more than 1m out of the water before turning it 180 degrees and tossing it around",Severe external visible injury,"Whale lifts, tosses boat, Australia. The Mercury (2002). http://www.iwdg.ie/article.asp?id=581 Tentative location",Not known,Eubalaena australis,Identified to species,Eubalaena australis,Confirmed,Confirmed identification,Collision,Reported collision,Severe injury,TRUE,0,Non-fatal known outcome,Unknown,Unknown,Pacific Ocean - Tasman Sea,Pacific Ocean,NA,Exact date,2002,2002,2002,Exact date,2000s,TRUE,TRUE,TRUE,FALSE,TRUE
218,2006-08-01T00:00:00Z,NA,Atlantic Ocean - Irish Sea,"off Anglesey port, Holyhead Island, UK",NA,Unidentified large whale,Indeterminate,Collision,Ferry brought to standstill after hitting a whale. Dublin Swift vessel crew felt an impact thoght to be a whale or a great cetacean as it approached the Anglesey port,Not known,"Unidentified whale hit by ferry, Ireland. Report taken from newpaper web-page www.ICNorthWales.co.uk. Tentative location",Not known,NA,Missing scientific name,NA,Indeterminate,Not confirmed or missing,Collision,Reported collision,Unknown,FALSE,NA,Unknown outcome,Unknown,Unknown,Atlantic Ocean - Irish Sea,Atlantic Ocean,NA,Exact date,2006,2006,2006,Exact date,2000s,FALSE,FALSE,FALSE,FALSE,FALSE
219,NA,March 1972,Pacific Ocean - North,Las Perlas Islands,NA,Unidentified large whale,Indeterminate,Collision,"boat struck whale and rode directly over the animal, whale seen thrashing with bloody wound",Severe external visible injury,"Jensen and Silber 2003. Unknown species seriously hit by Boston whaler, Panama.",Motor yacht (<25m),NA,Missing scientific name,NA,Indeterminate,Not confirmed or missing,Collision,Reported collision,Severe injury,TRUE,0,Non-fatal known outcome,Motor yacht (<25m),Recreational or small craft,Pacific Ocean - North,Pacific Ocean,march 1972,Descriptive year,1972,1972,1972,Descriptive date,1970s,FALSE,FALSE,FALSE,TRUE,TRUE
220,NA,1963,Pacific Ocean - South,NA,Unidentified cetacean,NA,Indeterminate,Collision,"whale in front of vessel was struck, small amount of blood in water, whale appeared to swim away slowly",Indeterminate visible injury,Jensen and Silber 2003. Unknown species hit by a passenger ship in Equatorial Pacific in 1963.,Passenger vessel,Unidentified cetacean,Unidentified cetacean,NA,Indeterminate,Not confirmed or missing,Collision,Reported collision,Indeterminate injury,TRUE,0,Non-fatal known outcome,Passenger vessel,Passenger or ferry,Pacific Ocean - South,Pacific Ocean,1963,Descriptive year,1963,1963,1963,Descriptive date,1960s,FALSE,FALSE,FALSE,TRUE,TRUE
221,1960-02-01T00:00:00Z,February 1960,Pacific Ocean - South,"W of Cape Reinga, North Island, New Zealand",NA,Unidentified large whale,Indeterminate,Collision,"vessel shuddered and slowed when propeller struck whale, animal then seen thrashing w/back sliced and bleeding",Severe external visible injury,Jensen and Silber 2003. Unknown species hit by passenger ship in New Zealand in 1960.,NA,NA,Missing scientific name,NA,Indeterminate,Not confirmed or missing,Collision,Reported collision,Severe injury,TRUE,0,Non-fatal known outcome,Unknown,Unknown,Pacific Ocean - South,Pacific Ocean,february 1960,Exact date,1960,1960,1960,Exact date,1960s,FALSE,FALSE,FALSE,FALSE,TRUE
222,NA,fall 1953,Pacific Ocean - Yellow Sea,NA,NA,Unidentified large whale,Indeterminate,Collision,"shudder was felt, whale on bow, ship back down and whale sank",Death,Unknown whale killed by Navy vessel in Yellow Sea in 1953.,Naval vessel,NA,Missing scientific name,NA,Indeterminate,Not confirmed or missing,Collision,Reported collision,Death,TRUE,1,Fatal,Naval vessel,Government or naval,Pacific Ocean - Yellow Sea,Pacific Ocean,fall 1953,Descriptive year,1953,1953,1953,Descriptive date,1950s,FALSE,FALSE,FALSE,TRUE,TRUE
223,NA,1930's,Pacific Ocean - South,near Raratonga,Unidentified cetacean,NA,Indeterminate,Collision,ship collided w/whale and almost cut in half,Death,Jensen and Silber 2003. Unknown species almost cut in half by steamer in South Pacific,NA,Unidentified cetacean,Unidentified cetacean,NA,Indeterminate,Not confirmed or missing,Collision,Reported collision,Death,TRUE,1,Fatal,Unknown,Unknown,Pacific Ocean - South,Pacific Ocean,1930's,Decade only,1930,1939,NA,No single usable year,NA,FALSE,FALSE,FALSE,FALSE,TRUE
224,NA,1997,Atlantic Ocean - North,Canary Islands,Physeter macrocephalus,sperm whale,Confirmed,Collision,"lound sound heard, bodies of both whales observed behind vessel",NA,Jensen and Silber 2003. Sperm whale female and calf killed by commercial ferry around Canary Islands in 1997.,Ferry,Physeter macrocephalus,Identified to species,Physeter macrocephalus,Confirmed,Confirmed identification,Collision,Reported collision,Unknown,FALSE,NA,Unknown outcome,Ferry,Passenger or ferry,Atlantic Ocean - North,Atlantic Ocean,1997,Descriptive year,1997,1997,1997,Descriptive date,1990s,TRUE,FALSE,TRUE,FALSE,FALSE
225,1995-06-17T00:00:00Z,NA,Pacific Ocean - South,"Hauraki Gulf, New Zealand",Balaenoptera musculus,blue whale,Confirmed,Collision,ship entered Auckland with whale on bow,Death,"Jensen and Silber 2003. Blue whale on bow of container ship in New Zealand, June 1995",Container ship,Balaenoptera musculus,Identified to species,Balaenoptera musculus,Confirmed,Confirmed identification,Collision,Reported collision,Death,TRUE,1,Fatal,Container ship,Cargo or tanker,Pacific Ocean - South,Pacific Ocean,NA,Exact date,1995,1995,1995,Exact date,1990s,TRUE,TRUE,TRUE,TRUE,TRUE
226,1995-06-17T00:00:00Z,NA,Atlantic Ocean - North Sea,"Shearness Harbour, Kent, UK",Balaenoptera physalus,fin whale,Confirmed,Collision,whale found wrapped around bow in harbour,Death,"Jensen and Silber 2003. Fin whale on bow of container ship in Kent, UK, June 1995.",Container ship,Balaenoptera physalus,Identified to species,Balaenoptera physalus,Confirmed,Confirmed identification,Collision,Reported collision,Death,TRUE,1,Fatal,Container ship,Cargo or tanker,Atlantic Ocean - North Sea,Atlantic Ocean,NA,Exact date,1995,1995,1995,Exact date,1990s,TRUE,TRUE,TRUE,TRUE,TRUE
227,NA,1994,Pacific Ocean - South,"Hauraki Gulf, New Zealand",Balaenoptera borealis,sei whale,Confirmed,Collision,ship entered Auckland harbour with whale on bow,Death,Jensen and Silber 2003. Sei whale on bow of container ship in Auckland harbour in 1994,Container ship,Balaenoptera borealis,Identified to species,Balaenoptera borealis,Confirmed,Confirmed identification,Collision,Reported collision,Death,TRUE,1,Fatal,Container ship,Cargo or tanker,Pacific Ocean - South,Pacific Ocean,1994,Descriptive year,1994,1994,1994,Descriptive date,1990s,TRUE,TRUE,TRUE,TRUE,TRUE
228,1992-05-15T00:00:00Z,NA,Pacific Ocean - Tasman Sea,"Bass Strait, Australia",Balaenoptera omurai,Omura’s whale,Confirmed,Collision,"whale found drapped around hull upon entering harbour, necropsy indicated whale alive when hit",Death,Jensen and Silber 2003. Bryde's whale draped around hull of bulbous bow container ship in Australia in May 1992. Whale estimated 12 m,Container ship,Balaenoptera omurai,Identified to species,Balaenoptera omurai,Confirmed,Confirmed identification,Collision,Reported collision,Death,TRUE,1,Fatal,Container ship,Cargo or tanker,Pacific Ocean - Tasman Sea,Pacific Ocean,NA,Exact date,1992,1992,1992,Exact date,1990s,TRUE,TRUE,TRUE,TRUE,TRUE
229,2007-08-01T00:00:00Z,NA,Pacific Ocean - Coral Sea,"Hook Island, east of Airlie Beach, North Queensland, Coral Sea, Australia",NA,Unidentified large whale,Unconfirmed,Collision,"The whale surfaced on the yatch's bow. "" the yacht didn't hit the whale, the whale surfaced and hit the yacht - it is very, very unusual,""",Not known,"Yacht damaged after collision with whale, Hook Island, Australia. ABC News (August 1, 2003)",Not known,NA,Missing scientific name,NA,Unconfirmed,Not confirmed or missing,Collision,Reported collision,Unknown,FALSE,NA,Unknown outcome,Unknown,Unknown,Pacific Ocean - Coral Sea,Pacific Ocean,NA,Exact date,2007,2007,2007,Exact date,2000s,FALSE,FALSE,FALSE,FALSE,FALSE
230,2007-01-09T00:00:00Z,NA,Pacific Ocean - Tasman Sea,"off 80 nm off Raglan on the west coast of the North Island, New Zealand",Megaptera novaeangliae,humpback whale,Unconfirmed,Collision,"The incident happened in bad weather about 80 nautical miles off Raglan on the west coast of the North Island. One of the larger males dived under the boat and struck it with its tail, opening a metre square hole in the hull.",Not known,"Sailor rescued after humpback whale sinks yacht - New Zealand, ABC News, Jan 10, 2007. Tentative location and date. Record taken from: http://www.abc.net.au/news/stories/2007/01/10/1824280.htm",Not known,Megaptera novaeangliae,Identified to species,Megaptera novaeangliae,Unconfirmed,Not confirmed or missing,Collision,Reported collision,Unknown,FALSE,NA,Unknown outcome,Unknown,Unknown,Pacific Ocean - Tasman Sea,Pacific Ocean,NA,Exact date,2007,2007,2007,Exact date,2000s,TRUE,FALSE,FALSE,FALSE,FALSE
231,2005-07-03T00:00:00Z,NA,Pacific Ocean - North,"San Juan Island, Washington, US West Coast",Orcinus orca,killer whale,Confirmed,Collision,"""an orca whale was injured in an accident with a whale watching boat in the San Juan Islands of Washington state"".",Not known,"Killer whale injured by whale-watching vessel, Washington, USA. ENS (2005). Tentative location. Taken from: http://findarticles.com/p/articles/mi_kmens/is_200508/ai_n14878229",Not known,Orcinus orca,Identified to species,Orcinus orca,Confirmed,Confirmed identification,Collision,Reported collision,Unknown,FALSE,NA,Unknown outcome,Unknown,Unknown,Pacific Ocean - North,Pacific Ocean,NA,Exact date,2005,2005,2005,Exact date,2000s,TRUE,FALSE,TRUE,FALSE,FALSE
232,2006-09-23T00:00:00Z,NA,Atlantic Ocean - North,"Off Delaware, US East Coast",Megaptera novaeangliae,humpback whale,Confirmed,Collision,"Authorities can't be sure, but Robert Schoelkopf, said the young stranded whale's injuries and estimated time of death seem to coincide with the time the fishermen say they hit the object",Death,"Humpback whale stranded after struck and sunk by a sport-fishing vessel, New Jersey, USA. AP (2006). Specimen on Shore and Incident at Sea forms. Very probably the same individual for both records. No exact location indicated. Taken from http://www.underw",Motor yacht (<25m),Megaptera novaeangliae,Identified to species,Megaptera novaeangliae,Confirmed,Confirmed identification,Collision,Reported collision,Death,TRUE,1,Fatal,Motor yacht (<25m),Recreational or small craft,Atlantic Ocean - North,Atlantic Ocean,NA,Exact date,2006,2006,2006,Exact date,2000s,TRUE,TRUE,TRUE,TRUE,TRUE
233,2007-04-12T00:00:00Z,NA,Pacific Ocean - Sea of Japan/East Sea,"22 Km SE Busan, South Korea",NA,Unidentified large whale,NA,Collision,"""We suppose it was a whale, judging from the fact that the water around the ship turned scarlet, apparently from whale blood,""",Death,"One dead, 27 injured in whale collision with ferry, South Korea. Tentative location. Taken from: http://www.news.com.au/story/0,23599,21550369-1702,00.html",Not known,NA,Missing scientific name,NA,Missing,Not confirmed or missing,Collision,Reported collision,Death,TRUE,1,Fatal,Unknown,Unknown,Pacific Ocean - Sea of Japan/East Sea,Pacific Ocean,NA,Exact date,2007,2007,2007,Exact date,2000s,FALSE,FALSE,FALSE,FALSE,TRUE
234,NA,February 1992,Atlantic Ocean - North,Canary Islands,Physeter macrocephalus,sperm whale,Confirmed,Collision,NA,Death,Jensen and Silber 2003. Sperm whale killed by high-speed ferry around Canary Islands. Collision resulted in death of 1 passenger.,Ferry,Physeter macrocephalus,Identified to species,Physeter macrocephalus,Confirmed,Confirmed identification,Collision,Reported collision,Death,TRUE,1,Fatal,Ferry,Passenger or ferry,Atlantic Ocean - North,Atlantic Ocean,february 1992,Descriptive year,1992,1992,1992,Descriptive date,1990s,TRUE,TRUE,TRUE,TRUE,TRUE
235,2002-11-03T00:00:00Z,NA,Pacific Ocean - South,"Tasmania, Tasman Peninsula",Eubalaena australis,southern right whale,Confirmed,Collision,whale lifted/rolled the boat,Indeterminate visible injury,"Fishing charter operator reported whale strike to his vessel from below that lifted/rolled the boat. Collision stalled the boat, broke the props and the bottom of the boat. Near Tasman Peninsula Source: Gill Slocum and Phillip Tracey, Gov. Australia",Not known,Eubalaena australis,Identified to species,Eubalaena australis,Confirmed,Confirmed identification,Collision,Reported collision,Indeterminate injury,TRUE,0,Non-fatal known outcome,Unknown,Unknown,Pacific Ocean - South,Pacific Ocean,NA,Exact date,2002,2002,2002,Exact date,2000s,TRUE,TRUE,TRUE,FALSE,TRUE
236,2002-08-31T00:00:00Z,NA,Pacific Ocean - South,"Tasmania, Prosser Bay-Orford (Shelly Point)",Eubalaena australis,southern right whale,Confirmed,Collision,collision left skin samples on the vessel,Indeterminate visible injury,"Whales were sighted at Prosser Bay between 4-5 pm. Whales approached a boat and when the outboard was started were startled and accidentally came into contact. Gill Slocum and Phillip Tracey, Gov. Australia",Not known,Eubalaena australis,Identified to species,Eubalaena australis,Confirmed,Confirmed identification,Collision,Reported collision,Indeterminate injury,TRUE,0,Non-fatal known outcome,Unknown,Unknown,Pacific Ocean - South,Pacific Ocean,NA,Exact date,2002,2002,2002,Exact date,2000s,TRUE,TRUE,TRUE,FALSE,TRUE
237,NA,August 2001,Pacific Ocean - South,"near La Plata Island, Ecuador",Megaptera novaeangliae,humpback whale,Confirmed,Collision,direct observation from fishing boat,Not known,"Whale was larger than 30 ft fishing boat. 200-300m offshore at Cremorne, South Arm Peninsula. Boat hit whale which was not seen until collision. Open fishing boat",Open fishing boat,Megaptera novaeangliae,Identified to species,Megaptera novaeangliae,Confirmed,Confirmed identification,Collision,Reported collision,Unknown,FALSE,NA,Unknown outcome,Open fishing boat,Fishing or whaling,Pacific Ocean - South,Pacific Ocean,august 2001,Descriptive year,2001,2001,2001,Descriptive date,2000s,TRUE,FALSE,TRUE,FALSE,FALSE
238,1958-12-31T00:00:00Z,NA,Pacific Ocean - South,"Tasmania, Frederick Henry Bay-Slopen Island; ca 1nm off Cremorne",NA,Unidentified large whale,Indeterminate,Collision,boat was completely lifted out of the water,Not known,"A whale struck a dinghy with three fishermen. They were positive that it was a whale, described as 'grey'. Gill Slocum and Phillip Tracey, Gov. Australia",Not known,NA,Missing scientific name,NA,Indeterminate,Not confirmed or missing,Collision,Reported collision,Unknown,FALSE,NA,Unknown outcome,Unknown,Unknown,Pacific Ocean - South,Pacific Ocean,NA,Exact date,1958,1958,1958,Exact date,1950s,FALSE,FALSE,FALSE,FALSE,FALSE
239,NA,September 2002,Pacific Ocean - North,"Morro Bay, California, US West Coast",NA,Unidentified large whale,Unconfirmed,Collision,An unidentified large whale has made a jump out of the water and has landed over a boat crashing the pilot house and throwing the fisherman into the water.,Not known,"Whale kills fisherman, California, USA.Tentative location",Fishing vessel,NA,Missing scientific name,NA,Unconfirmed,Not confirmed or missing,Collision,Reported collision,Unknown,FALSE,NA,Unknown outcome,Fishing vessel,Fishing or whaling,Pacific Ocean - North,Pacific Ocean,september 2002,Descriptive year,2002,2002,2002,Descriptive date,2000s,FALSE,FALSE,FALSE,FALSE,FALSE
240,2005-02-28T00:00:00Z,NA,Atlantic Ocean - South,Off Argentina,Orcinus orca,killer whale,Unconfirmed,Collision,"boat hit a big sea creature, initially with the port daggerboard, then with the rudder",Not known,"Catamaran hits a killer whale twice during world tour racing, off Argentina. Tentative location. Dorsal fin observed after collision. GMT time",Motor yacht (unknwon size),Orcinus orca,Identified to species,Orcinus orca,Unconfirmed,Not confirmed or missing,Collision,Reported collision,Unknown,FALSE,NA,Unknown outcome,Motor yacht (unknown size),Recreational or small craft,Atlantic Ocean - South,Atlantic Ocean,NA,Exact date,2005,2005,2005,Exact date,2000s,TRUE,FALSE,FALSE,FALSE,FALSE
241,2006-03-10T00:00:00Z,NA,Pacific Ocean - North,"Nookta Sound near Gold River, British Columbia, Canada west coast",Orcinus orca,killer whale,Confirmed,Collision,"The vessel took refuge from stormy conditions in the sheltered waters of Nootka Sound, where a whale swimming near the vessel was killed by the propeller.",Death,"Killer whale Luna killed by tugboat's propeller, British Columbia, Canada. Fisheries and Oceans Canada (2006).The whale is believed to be L98, or Luna, a male orca who had taken up residence in the area near Gold River for about five years and developed a",Not known,Orcinus orca,Identified to species,Orcinus orca,Confirmed,Confirmed identification,Collision,Reported collision,Death,TRUE,1,Fatal,Unknown,Unknown,Pacific Ocean - North,Pacific Ocean,NA,Exact date,2006,2006,2006,Exact date,2000s,TRUE,TRUE,TRUE,FALSE,TRUE
242,NA,March 2006,Pacific Ocean - Sea of Japan/East Sea,"Tsushima Strait, Japan",NA,Unidentified large whale,Indeterminate,Collision,"A local marine accident inquiry was carried out in Kitakyushu, Japan, respect to this incident. No other indication available",Not known,"Hydrofoil hits unidentified whale, Japan. Tentative location. Exact date not indicated",High-speed Ferry,NA,Missing scientific name,NA,Indeterminate,Not confirmed or missing,Collision,Reported collision,Unknown,FALSE,NA,Unknown outcome,High-speed ferry,Passenger or ferry,Pacific Ocean - Sea of Japan/East Sea,Pacific Ocean,march 2006,Descriptive year,2006,2006,2006,Descriptive date,2000s,FALSE,FALSE,FALSE,FALSE,FALSE
243,2005-02-15T00:00:00Z,"February 2, 2005",Atlantic Ocean - South,"Table Bay, South Africa",NA,Unidentified large whale,Indeterminate,Collision,Unidentified whale suddenly struck the boat,Not known,"Sailing competition vessel struck a whale, South Africa (T Systems, 2005).Tentative location. Probably a Southern Right Whale, as can be deduced from the area.",Sailing vessel,NA,Missing scientific name,NA,Indeterminate,Not confirmed or missing,Collision,Reported collision,Unknown,FALSE,NA,Unknown outcome,Sailing vessel,Recreational or small craft,Atlantic Ocean - South,Atlantic Ocean,"february 2, 2005",Exact date,2005,2005,2005,Exact date,2000s,FALSE,FALSE,FALSE,FALSE,FALSE
244,NA,August 2003,Pacific Ocean - Coral Sea,"Near Magnetic Island, off Townsville, Queensland, Australia",Megaptera novaeangliae,humpback whale,Confirmed,Collision,"The collision holed the trimaran and tore off the boat’s drop-down rudder, which was feared to have lodged in mammal’s back.",Apparently minor external injury,"Albino humpback whale struck by vessel, Australia Albino whale named ""Bigaloo"". Subsequent sightings indicate no serious injuries. Exact date not indicated",Sailing vessel (<25m),Megaptera novaeangliae,Identified to species,Megaptera novaeangliae,Confirmed,Confirmed identification,Collision,Reported collision,Minor injury,TRUE,0,Non-fatal known outcome,Sailing vessel (<25m),Recreational or small craft,Pacific Ocean - Coral Sea,Pacific Ocean,august 2003,Descriptive year,2003,2003,2003,Descriptive date,2000s,TRUE,TRUE,TRUE,TRUE,TRUE
245,NA,2001,Pacific Ocean - Coral Sea,"Whitsunday Island, Queensland, Australia",Unidentified cetacean,NA,Indeterminate,Collision,struck and presumed injured by a 15 metre personal watercraft,Not known,"Unidentified whale struck by boat, Whitsunday Island, Australia. Tentative location. Date not indicated. Field Number W1237, Research Coordination Unit, Parks and Wildlife Strategy Division, Queensland Parks and Wildlife Service",Motor yacht (<25m),Unidentified cetacean,Unidentified cetacean,NA,Indeterminate,Not confirmed or missing,Collision,Reported collision,Unknown,FALSE,NA,Unknown outcome,Motor yacht (<25m),Recreational or small craft,Pacific Ocean - Coral Sea,Pacific Ocean,2001,Descriptive year,2001,2001,2001,Descriptive date,2000s,FALSE,FALSE,FALSE,FALSE,FALSE
246,NA,2000,Pacific Ocean - Coral Sea,"Magnetic Island, Queensland, Australia",NA,Unidentified small cetacean,Indeterminate,Collision,struck and presumed injured by a jet ski.,Not known,"Dolphin struck by jet ski, Magnetic Island, Australia. Tentative location. Date not indicated. Field number W1225, Research Coordination Unit, Parks and Wildlife Strategy Division, Queensland Parks and Wildlife Service",Motor yacht (<25m),NA,Missing scientific name,NA,Indeterminate,Not confirmed or missing,Collision,Reported collision,Unknown,FALSE,NA,Unknown outcome,Motor yacht (<25m),Recreational or small craft,Pacific Ocean - Coral Sea,Pacific Ocean,2000,Descriptive year,2000,2000,2000,Descriptive date,2000s,FALSE,FALSE,FALSE,FALSE,FALSE
247,2004-08-05T00:00:00Z,NA,Pacific Ocean - North,"Port Douglas, 2.5nm SSW Undine, Queensland, Australia",Megaptera novaeangliae,humpback whale,Confirmed,Collision,"""hit but swam away: injuries? """,Not known,"Hit but swam away (injuries?). ""Stranded"" no info. Strandings Database Queensland. Gill Slocum and Phillip Tracey, Gov. Australia",Not known,Megaptera novaeangliae,Identified to species,Megaptera novaeangliae,Confirmed,Confirmed identification,Collision,Reported collision,Unknown,FALSE,NA,Unknown outcome,Unknown,Unknown,Pacific Ocean - North,Pacific Ocean,NA,Exact date,2004,2004,2004,Exact date,2000s,TRUE,FALSE,TRUE,FALSE,FALSE
248,2001-07-21T00:00:00Z,NA,Indian Ocean,"off Cape Jervis, South Australia",Eubalaena australis,southern right whale,Confirmed,Collision,hit probably killed by passenger ferry animal found dead 1.5 days later,Death,"""Hit (probably killed) by passenger ferry""",Not known,Eubalaena australis,Identified to species,Eubalaena australis,Confirmed,Confirmed identification,Collision,Reported collision,Death,TRUE,1,Fatal,Unknown,Unknown,Indian Ocean,Indian Ocean,NA,Exact date,2001,2001,2001,Exact date,2000s,TRUE,TRUE,TRUE,FALSE,TRUE
249,NA,"December, 2003",Pacific Ocean - North,"Diamond head, Oahu, Hawaii",Megaptera novaeangliae,humpback whale,Confirmed,Collision,Vessel hit whale,Not known,"Humpback whale hit by whale-watching vessel, Hawaii. Adult whale",Whale whatching vessel,Megaptera novaeangliae,Identified to species,Megaptera novaeangliae,Confirmed,Confirmed identification,Collision,Reported collision,Unknown,FALSE,NA,Unknown outcome,Whale-watching vessel,Research or whale-watching,Pacific Ocean - North,Pacific Ocean,"december, 2003",Descriptive year,2003,2003,2003,Descriptive date,2000s,TRUE,FALSE,TRUE,FALSE,FALSE
250,2004-01-05T00:00:00Z,NA,Pacific Ocean - North,"Kahulu, Maui, Hawaii",Megaptera novaeangliae,humpback whale,Confirmed,Collision,whale hir vessel,Not known,"Humpback whale hit by vessel, Hawaii. Tentative location",Not known,Megaptera novaeangliae,Identified to species,Megaptera novaeangliae,Confirmed,Confirmed identification,Collision,Reported collision,Unknown,FALSE,NA,Unknown outcome,Unknown,Unknown,Pacific Ocean - North,Pacific Ocean,NA,Exact date,2004,2004,2004,Exact date,2000s,TRUE,FALSE,TRUE,FALSE,FALSE
251,2004-02-08T00:00:00Z,NA,Pacific Ocean - North,"Puamana, Maui, Hawaii",Megaptera novaeangliae,humpback whale,NA,Collision,Vessel hit a whale,Not known,"Humpback whale calf hit by vessel, Hawaii, USA.Tentative location, no other information",Not known,Megaptera novaeangliae,Identified to species,Megaptera novaeangliae,Missing,Not confirmed or missing,Collision,Reported collision,Unknown,FALSE,NA,Unknown outcome,Unknown,Unknown,Pacific Ocean - North,Pacific Ocean,NA,Exact date,2004,2004,2004,Exact date,2000s,TRUE,FALSE,FALSE,FALSE,FALSE
252,2005-02-06T00:00:00Z,NA,Pacific Ocean - North,"Kamaji Point, Lanai, Hawaii",Megaptera novaeangliae,humpback whale,Confirmed,Collision,Vessel hit whale,Not known,"Humpback whale mother-calf pair hit by ferry, Hawaii. Tentative location, no more information",Not known,Megaptera novaeangliae,Identified to species,Megaptera novaeangliae,Confirmed,Confirmed identification,Collision,Reported collision,Unknown,FALSE,NA,Unknown outcome,Unknown,Unknown,Pacific Ocean - North,Pacific Ocean,NA,Exact date,2005,2005,2005,Exact date,2000s,TRUE,FALSE,TRUE,FALSE,FALSE
253,NA,"January 2 or 4, 2006",Pacific Ocean - North,"12 nm off Lahaina, Maui, Hawaii",Megaptera novaeangliae,humpback whale,Confirmed,Collision,"""Vessel hit whale"" No more indications",Not known,"Humpback whale hit by vessel, Hawaii, USA. Tentative location",Not known,Megaptera novaeangliae,Identified to species,Megaptera novaeangliae,Confirmed,Confirmed identification,Collision,Reported collision,Unknown,FALSE,NA,Unknown outcome,Unknown,Unknown,Pacific Ocean - North,Pacific Ocean,"january 2 or 4, 2006",Descriptive year,2006,2006,2006,Descriptive date,2000s,TRUE,FALSE,TRUE,FALSE,FALSE
254,2006-01-17T00:00:00Z,NA,Pacific Ocean - North,"15 mi. From Kini kini Point, Kauai, Hawaii",Megaptera novaeangliae,humpback whale,Confirmed,Collision,NA,Not known,"Humpback whale hit by whale-watching vessel, Hawaii, USA. Geographic position not found. No more information",Whale whatching vessel,Megaptera novaeangliae,Identified to species,Megaptera novaeangliae,Confirmed,Confirmed identification,Collision,Reported collision,Unknown,FALSE,NA,Unknown outcome,Whale-watching vessel,Research or whale-watching,Pacific Ocean - North,Pacific Ocean,NA,Exact date,2006,2006,2006,Exact date,2000s,TRUE,FALSE,TRUE,FALSE,FALSE
255,2006-02-13T00:00:00Z,NA,Pacific Ocean - North,"Maalaea, Maui, Hawaii",Megaptera novaeangliae,humpback whale,Confirmed,Collision,"""vessel hit whale""",Not known,"Humpback whale hit by rigid inflatable boat, Hawaii, USA. Speed less than 10 knots",Rigid inflatable/inflatable,Megaptera novaeangliae,Identified to species,Megaptera novaeangliae,Confirmed,Confirmed identification,Collision,Reported collision,Unknown,FALSE,NA,Unknown outcome,Rigid inflatable/inflatable,Recreational or small craft,Pacific Ocean - North,Pacific Ocean,NA,Exact date,2006,2006,2006,Exact date,2000s,TRUE,FALSE,TRUE,FALSE,FALSE
256,NA,April? 2006,Pacific Ocean - North,"Laniupoko, Maui, Hawaii",Megaptera novaeangliae,humpback whale,Confirmed,Collision,"""Vessel hit whale""",Not known,"Humpback whale calf hit by whale-watching inflatable boat, Hawaii, USA. Speed not available. Location not achieved",Whale watching vessel,Megaptera novaeangliae,Identified to species,Megaptera novaeangliae,Confirmed,Confirmed identification,Collision,Reported collision,Unknown,FALSE,NA,Unknown outcome,Whale-watching vessel,Research or whale-watching,Pacific Ocean - North,Pacific Ocean,april? 2006,Descriptive year,2006,2006,2006,Descriptive date,2000s,TRUE,FALSE,TRUE,FALSE,FALSE
257,2002-10-03T00:00:00Z,NA,Indian Ocean,"Exmouth Gulf, Western Australia",Megaptera novaeangliae,humpback whale,Confirmed,Collision,direct observation,Not known,Direct observation. Fate of whale unknown. Source: Gill Slocum and Phillip Tracey (Gov. Australia),Not known,Megaptera novaeangliae,Identified to species,Megaptera novaeangliae,Confirmed,Confirmed identification,Collision,Reported collision,Unknown,FALSE,NA,Unknown outcome,Unknown,Unknown,Indian Ocean,Indian Ocean,NA,Exact date,2002,2002,2002,Exact date,2000s,TRUE,FALSE,TRUE,FALSE,FALSE
258,1996-04-09T00:00:00Z,NA,Atlantic Ocean - North,off northern Gran Canaria Island,Physeter macrocephalus,sperm whale,Confirmed,Collision,Ferry collision,Death,"Mother/calf sperm whale pair collided by ferry, Canary Island.",Not known,Physeter macrocephalus,Identified to species,Physeter macrocephalus,Confirmed,Confirmed identification,Collision,Reported collision,Death,TRUE,1,Fatal,Unknown,Unknown,Atlantic Ocean - North,Atlantic Ocean,NA,Exact date,1996,1996,1996,Exact date,1990s,TRUE,TRUE,TRUE,FALSE,TRUE
259,1999-05-03T00:00:00Z,NA,Atlantic Ocean - North,Gran Canaria Island,Unidentified baleanopterid whale,Unidentified balaenopterid whale,Unconfirmed,Collision,Collision observed by fisherman,Not known,"Balaenopterid whale collision with ship, Canary Islands",Not known,Unidentified balaenopterid whale,Unidentified cetacean,NA,Unconfirmed,Not confirmed or missing,Collision,Reported collision,Unknown,FALSE,NA,Unknown outcome,Unknown,Unknown,Atlantic Ocean - North,Atlantic Ocean,NA,Exact date,1999,1999,1999,Exact date,1990s,FALSE,FALSE,FALSE,FALSE,FALSE
260,1999-07-10T00:00:00Z,NA,Atlantic Ocean - North,"Tenerife Island, Canary Islands",Globicephala macrorhynchus,short-finned pilot whale,Unconfirmed,Collision,Collision observed from ferry. Much blood,Death,"Likely a pilot whale hit by ferry, Canary Islands. No more information",Not known,Globicephala macrorhynchus,Identified to species,Globicephala macrorhynchus,Unconfirmed,Not confirmed or missing,Collision,Reported collision,Death,TRUE,1,Fatal,Unknown,Unknown,Atlantic Ocean - North,Atlantic Ocean,NA,Exact date,1999,1999,1999,Exact date,1990s,TRUE,TRUE,FALSE,FALSE,TRUE
261,2002-02-08T00:00:00Z,NA,Atlantic Ocean - North,"Cape Heny, Virginia, East coast USA",Megaptera novaeangliae,humpback whale,Confirmed,Collision,NA,Death,"Jensen and Silber 2003. Humpback, mortality, USA East coast 2002.",Not known,Megaptera novaeangliae,Identified to species,Megaptera novaeangliae,Confirmed,Confirmed identification,Collision,Reported collision,Death,TRUE,1,Fatal,Unknown,Unknown,Atlantic Ocean - North,Atlantic Ocean,NA,Exact date,2002,2002,2002,Exact date,2000s,TRUE,TRUE,TRUE,FALSE,TRUE
262,2001-10-04T00:00:00Z,NA,Atlantic Ocean - North,"5nm NW of Stellwagen Bank, Massachusetts, East coast USA",Megaptera novaeangliae,humpback whale,Confirmed,Collision,"animal came up undr keel of vessel, abrasion 1.5 ft long by 1 in wide sen anterior to dorsal fin",Indeterminate visible injury,"Jensen and Silber 2003. Humpback, injured by whale-watching vessel, east coast USA, 2002.",NA,Megaptera novaeangliae,Identified to species,Megaptera novaeangliae,Confirmed,Confirmed identification,Collision,Reported collision,Indeterminate injury,TRUE,0,Non-fatal known outcome,Unknown,Unknown,Atlantic Ocean - North,Atlantic Ocean,NA,Exact date,2001,2001,2001,Exact date,2000s,TRUE,TRUE,TRUE,FALSE,TRUE
263,2001-06-29T00:00:00Z,NA,Atlantic Ocean - North,"30nm southeast of Cape Cod, inbound Boston traffic lane, East coast USA",NA,Unidentified small whale,Indeterminate,Collision,"Crew heard impact and felt shudder, gray and white whale observed lodged on the bow, whale sank after ship backed up",Death,"Jensen and Silber 2003. Unidentified small whale (sei or minke) killed by navy boat, on bow in 2001, East coast USA. Whale estimated 7.6 m long",Naval vessel,NA,Missing scientific name,NA,Indeterminate,Not confirmed or missing,Collision,Reported collision,Death,TRUE,1,Fatal,Naval vessel,Government or naval,Atlantic Ocean - North,Atlantic Ocean,NA,Exact date,2001,2001,2001,Exact date,2000s,FALSE,FALSE,FALSE,TRUE,TRUE
264,2001-03-17T00:00:00Z,NA,Atlantic Ocean - North,"Assateague Is, Virginia, East coast USA",Eubalaena glacialis,North Atlantic right whale,Confirmed,Collision,NA,Death,Jensen and Silber 2003. Right whale killed around Assateague Island in 2001.,Not known,Eubalaena glacialis,Identified to species,Eubalaena glacialis,Confirmed,Confirmed identification,Collision,Reported collision,Death,TRUE,1,Fatal,Unknown,Unknown,Atlantic Ocean - North,Atlantic Ocean,NA,Exact date,2001,2001,2001,Exact date,2000s,TRUE,TRUE,TRUE,FALSE,TRUE
265,2001-02-01T00:00:00Z,February 2001,Atlantic Ocean - North,"Port Elizabeth, New Jersey, East coast USA",Balaenoptera physalus,fin whale,Confirmed,Collision,NA,Death,"Jensen and Silber 2003. Fin whale killed close to Port Elisabeth, New Jersey in 2001.",Not known,Balaenoptera physalus,Identified to species,Balaenoptera physalus,Confirmed,Confirmed identification,Collision,Reported collision,Death,TRUE,1,Fatal,Unknown,Unknown,Atlantic Ocean - North,Atlantic Ocean,february 2001,Exact date,2001,2001,2001,Exact date,2000s,TRUE,TRUE,TRUE,FALSE,TRUE
266,1998-12-12T00:00:00Z,NA,Atlantic Ocean - North,"Cape Cod, Massachusetts, East coast USA",Balaenoptera acutorostrata,Common minke whale,Confirmed,Collision,body of whale seen in the wake of whale watching vessel,Severe external visible injury,"Jensen and Silber 2003. Minke injured by whale-watching vessel, Cape Cod, Massachusetts, 1998.",Whale watching vessel,Balaenoptera acutorostrata,Identified to species,Balaenoptera acutorostrata,Confirmed,Confirmed identification,Collision,Reported collision,Severe injury,TRUE,0,Non-fatal known outcome,Whale-watching vessel,Research or whale-watching,Atlantic Ocean - North,Atlantic Ocean,NA,Exact date,1998,1998,1998,Exact date,1990s,TRUE,TRUE,TRUE,TRUE,TRUE
267,1998-09-12T00:00:00Z,NA,Atlantic Ocean - North,"Barnstable, Massachusetts, East coast USA",Balaenoptera acutorostrata,Common minke whale,Confirmed,Collision,"whale swum under bow, impact felt, surfaced w/deep, bleeding gash, carcass sighted immediately afterwards",Death,Jensen and Silber 1993. Minke whale killed by a whale-watching vessel in 1998.,Whale watching vessel,Balaenoptera acutorostrata,Identified to species,Balaenoptera acutorostrata,Confirmed,Confirmed identification,Collision,Reported collision,Death,TRUE,1,Fatal,Whale-watching vessel,Research or whale-watching,Atlantic Ocean - North,Atlantic Ocean,NA,Exact date,1998,1998,1998,Exact date,1990s,TRUE,TRUE,TRUE,TRUE,TRUE
268,1998-08-02T00:00:00Z,NA,Atlantic Ocean - North,"Stellwagen Bank, Massachusetts, East coast USA",Megaptera novaeangliae,humpback whale,Confirmed,Collision,"whale surfaced in front of vessel, massive fresh, bleeding wound across back from flipper to flipper",Severe external visible injury,"Jensen and Silber 2003. Humpback injured by whale-watching catamaran, Stellwagen Bank, Virginia 1998.",Whale watching vessel,Megaptera novaeangliae,Identified to species,Megaptera novaeangliae,Confirmed,Confirmed identification,Collision,Reported collision,Severe injury,TRUE,0,Non-fatal known outcome,Whale-watching vessel,Research or whale-watching,Atlantic Ocean - North,Atlantic Ocean,NA,Exact date,1998,1998,1998,Exact date,1990s,TRUE,TRUE,TRUE,TRUE,TRUE
269,NA,August 2003,Pacific Ocean - North,"Noutka Sound, W.Vancouver Island, Canada",Orcinus orca,killer whale,Confirmed,Collision,"15-20cm long gash, 3cm deep revealing blubber; reported 27 Aug 2003",Severe external visible injury,"Killer whale propeller hit in Noutka Sound, W. Vancouver Island. Orca swimming farther afield from boats; before it often approached boats Orca Network, August 2003 ""Orca Network News""",Sailing vessel (<25m),Orcinus orca,Identified to species,Orcinus orca,Confirmed,Confirmed identification,Collision,Reported collision,Severe injury,TRUE,0,Non-fatal known outcome,Sailing vessel (<25m),Recreational or small craft,Pacific Ocean - North,Pacific Ocean,august 2003,Descriptive year,2003,2003,2003,Descriptive date,2000s,TRUE,TRUE,TRUE,TRUE,TRUE
270,NA,Feb 1986,Pacific Ocean - South,"heading to Talcahuano from Juan Fernandez, Chile",Unidentified baleanopterid whale,Unidentified balaenopterid whale,Unconfirmed,Collision,"boat damaged, had to be towed",Not known,"Yacht hit and damaged by Balaenoptera sp. off Chile. Yacht ""Rock On"" from Javier Echeverria, competing during the IV Race of the 100 miles. The race to Juan Fernnadez Island. Has several stories of sailboats striking whales but scarce documentation.",Sailing yacht,Unidentified balaenopterid whale,Unidentified cetacean,NA,Unconfirmed,Not confirmed or missing,Collision,Reported collision,Unknown,FALSE,NA,Unknown outcome,Sailing yacht,Recreational or small craft,Pacific Ocean - South,Pacific Ocean,feb 1986,Descriptive year,1986,1986,1986,Descriptive date,1980s,FALSE,FALSE,FALSE,FALSE,FALSE
271,1905-02-20T00:00:00Z,NA,Pacific Ocean - South,"near Talcahuano, Chile",NA,Unidentified large whale,Indeterminate,Collision,Seen by crew members of 'Destructor Riquelme' heading to Talcuahuano,Not known,"Chilean navy ship hit whale in 1905. Probably oldest documented case in Chilean waters. Reported by G.P. Sanino ""and local written press""",Naval vessel,NA,Missing scientific name,NA,Indeterminate,Not confirmed or missing,Collision,Reported collision,Unknown,FALSE,NA,Unknown outcome,Naval vessel,Government or naval,Pacific Ocean - South,Pacific Ocean,NA,Exact date,1905,1905,1905,Exact date,1900s,FALSE,FALSE,FALSE,FALSE,FALSE
272,2006-07-15T00:00:00Z,NA,Pacific Ocean - South,"Whitsundays, Australia",Megaptera novaeangliae,humpback whale,Confirmed,Collision,direct observation by member of the public,Not known,Humpback whale struck by 50ft yacht reversing in Nara Inle. Passenger-carrying excursion vessel (whale-watching),Not known,Megaptera novaeangliae,Identified to species,Megaptera novaeangliae,Confirmed,Confirmed identification,Collision,Reported collision,Unknown,FALSE,NA,Unknown outcome,Unknown,Unknown,Pacific Ocean - South,Pacific Ocean,NA,Exact date,2006,2006,2006,Exact date,2000s,TRUE,FALSE,TRUE,FALSE,FALSE
273,2006-08-25T00:00:00Z,NA,Pacific Ocean - South,"Whitsundays, Australia",Megaptera novaeangliae,humpback whale,Confirmed,Collision,"""minor damage to the animal's rear quarters reported"" (see BCWP10)",Indeterminate visible injury,Humpback whale struck by trimaran (in IWC : BCWP10). Passenger-carrying excursion vessel (whale-watching),Not known,Megaptera novaeangliae,Identified to species,Megaptera novaeangliae,Confirmed,Confirmed identification,Collision,Reported collision,Indeterminate injury,TRUE,0,Non-fatal known outcome,Unknown,Unknown,Pacific Ocean - South,Pacific Ocean,NA,Exact date,2006,2006,2006,Exact date,2000s,TRUE,TRUE,TRUE,FALSE,TRUE
274,2006-12-01T00:00:00Z,NA,Indian Ocean,"Gage Roads near Fremantle, Australia",B.m. brevicauda,Pygmy blue whale,Confirmed,Collision,"whale washed up dead on Capricorn beach, north of Perth on Dec 5",Death,Pygmy blue whale struck by Australian Navy frigate,Not known,B.m. brevicauda,Unresolved abbreviation,NA,Confirmed,Confirmed identification,Collision,Reported collision,Death,TRUE,1,Fatal,Unknown,Unknown,Indian Ocean,Indian Ocean,NA,Exact date,2006,2006,2006,Exact date,2000s,FALSE,FALSE,FALSE,FALSE,TRUE
275,2004-05-06T00:00:00Z,NA,Pacific Ocean - North,"off San Francisco, California, USA",NA,Unidentified large whale,Indeterminate,Collision,cruise ship (direct observation by passenger cc. to SWFSC),Not known,Whale hit by cruise ship - San Francisco. Reported in BCWP10 (IWC/59),Not known,NA,Missing scientific name,NA,Indeterminate,Not confirmed or missing,Collision,Reported collision,Unknown,FALSE,NA,Unknown outcome,Unknown,Unknown,Pacific Ocean - North,Pacific Ocean,NA,Exact date,2004,2004,2004,Exact date,2000s,FALSE,FALSE,FALSE,FALSE,FALSE
276,2004-10-06T00:00:00Z,NA,Pacific Ocean - North,"Eureka, California, USA",NA,Unidentified large whale,Indeterminate,Collision,direct observation by Coast Guard Vessel crew,Not known,Coast Guard vessel strikes whale off Eureka. Reported in BCWP10 (IWC/59) by SWFSC,Not known,NA,Missing scientific name,NA,Indeterminate,Not confirmed or missing,Collision,Reported collision,Unknown,FALSE,NA,Unknown outcome,Unknown,Unknown,Pacific Ocean - North,Pacific Ocean,NA,Exact date,2004,2004,2004,Exact date,2000s,FALSE,FALSE,FALSE,FALSE,FALSE
277,2004-08-08T00:00:00Z,NA,Pacific Ocean - North,"Puamana Beach Park, Maui, Hawaii",Megaptera novaeangliae,humpback whale,Confirmed,Collision,direct observation,Not known,Humpback struck off Puamana Beach. Reported in BCWP10 (IWC/59),Not known,Megaptera novaeangliae,Identified to species,Megaptera novaeangliae,Confirmed,Confirmed identification,Collision,Reported collision,Unknown,FALSE,NA,Unknown outcome,Unknown,Unknown,Pacific Ocean - North,Pacific Ocean,NA,Exact date,2004,2004,2004,Exact date,2000s,TRUE,FALSE,TRUE,FALSE,FALSE
278,2004-02-13T00:00:00Z,NA,Pacific Ocean - North,"4miles W. of Kaena Point, Oahu, Hawaii",Megaptera novaeangliae,humpback whale,Confirmed,Collision,direct observation,Not known,Humpback whale hit off Kaena Point. Reported in BCWP10 (IWC/59),Not known,Megaptera novaeangliae,Identified to species,Megaptera novaeangliae,Confirmed,Confirmed identification,Collision,Reported collision,Unknown,FALSE,NA,Unknown outcome,Unknown,Unknown,Pacific Ocean - North,Pacific Ocean,NA,Exact date,2004,2004,2004,Exact date,2000s,TRUE,FALSE,TRUE,FALSE,FALSE
279,2004-02-24T00:00:00Z,NA,Pacific Ocean - North,"1mile S of Kewalo Harbor, Oahu, Hawaii",Megaptera novaeangliae,humpback whale,Confirmed,Collision,direct observation,Not known,"Humpback whale struck 1 mile S of Kewalo Harbor, Oahu. Reported in BCWP10 (IWC/59)",Not known,Megaptera novaeangliae,Identified to species,Megaptera novaeangliae,Confirmed,Confirmed identification,Collision,Reported collision,Unknown,FALSE,NA,Unknown outcome,Unknown,Unknown,Pacific Ocean - North,Pacific Ocean,NA,Exact date,2004,2004,2004,Exact date,2000s,TRUE,FALSE,TRUE,FALSE,FALSE
280,2005-02-25T00:00:00Z,NA,Pacific Ocean - North,"Honolulu, Oahu, Hawaii",Megaptera novaeangliae,humpback whale,Confirmed,Collision,direct observation,Not known,Humpback whale struck off Honolulu. Reported in BCWP10 (IWC/59),Not known,Megaptera novaeangliae,Identified to species,Megaptera novaeangliae,Confirmed,Confirmed identification,Collision,Reported collision,Unknown,FALSE,NA,Unknown outcome,Unknown,Unknown,Pacific Ocean - North,Pacific Ocean,NA,Exact date,2005,2005,2005,Exact date,2000s,TRUE,FALSE,TRUE,FALSE,FALSE
281,NA,1998,Atlantic Ocean - Mediterranean Sea,"South Cap d'Armes, Porquerolles, France",Balaenoptera physalus,fin whale,Indeterminate,Collision,"""collision at sea""",NA,"Collision with fin whale, South Cap d'Armes. Roropax ferry 'Monte Cinto' See Capoulade 2002",Not known,Balaenoptera physalus,Identified to species,Balaenoptera physalus,Indeterminate,Not confirmed or missing,Collision,Reported collision,Unknown,FALSE,NA,Unknown outcome,Unknown,Unknown,Atlantic Ocean - Mediterranean Sea,Atlantic Ocean,1998,Descriptive year,1998,1998,1998,Descriptive date,1990s,TRUE,FALSE,FALSE,FALSE,FALSE
282,NA,1998,Atlantic Ocean - Mediterranean Sea,Ligurian Sea,Balaenoptera physalus,fin whale,Indeterminate,Collision,"""collision at sea""",NA,Fin whale hit in Ligurian Sea (1998). Fast ferry 'NGV Asco' (Capoulade 2002),Not known,Balaenoptera physalus,Identified to species,Balaenoptera physalus,Indeterminate,Not confirmed or missing,Collision,Reported collision,Unknown,FALSE,NA,Unknown outcome,Unknown,Unknown,Atlantic Ocean - Mediterranean Sea,Atlantic Ocean,1998,Descriptive year,1998,1998,1998,Descriptive date,1990s,TRUE,FALSE,FALSE,FALSE,FALSE
283,2007-07-01T00:00:00Z,July 2007,Atlantic Ocean - North,Massachusetts Bay,Megaptera novaeangliae,humpback whale,Confirmed,Collision,Blunt force trauma,Death,"Humpback whale hit by vessel, Massachusetts Bay, USA",Not known,Megaptera novaeangliae,Identified to species,Megaptera novaeangliae,Confirmed,Confirmed identification,Collision,Reported collision,Death,TRUE,1,Fatal,Unknown,Unknown,Atlantic Ocean - North,Atlantic Ocean,july 2007,Exact date,2007,2007,2007,Exact date,2000s,TRUE,TRUE,TRUE,FALSE,TRUE
284,NA,2000,Atlantic Ocean - Mediterranean Sea,"between Calvi, Corsica and Nice, France",Balaenoptera physalus,fin whale,Indeterminate,Collision,"""collision at sea""",NA,"Sperm whale hit by Ocean Liner "" Cristoforo Colombo"". Fast ferry 'NGV Aliso' (Capoulade, 2002)",Motor yacht (<25m),Balaenoptera physalus,Identified to species,Balaenoptera physalus,Indeterminate,Not confirmed or missing,Collision,Reported collision,Unknown,FALSE,NA,Unknown outcome,Motor yacht (<25m),Recreational or small craft,Atlantic Ocean - Mediterranean Sea,Atlantic Ocean,2000,Descriptive year,2000,2000,2000,Descriptive date,2000s,TRUE,FALSE,FALSE,FALSE,FALSE
285,NA,reporting date 15 Sept 1998,Atlantic Ocean - North,"Stellwagen Bank, Massachusetts, USA",Balaenoptera acutorostrata,Common minke whale,Confirmed,Collision,"collided by whale-watching vessel, presumaby direct observation",Death,"Minke killed by whale-watching vessel on Stellwagen Bank. Reported in Yin, 1999",Not known,Balaenoptera acutorostrata,Identified to species,Balaenoptera acutorostrata,Confirmed,Confirmed identification,Collision,Reported collision,Death,TRUE,1,Fatal,Unknown,Unknown,Atlantic Ocean - North,Atlantic Ocean,reporting date 15 sept 1998,Reporting date only,NA,NA,NA,No single usable year,NA,TRUE,TRUE,TRUE,FALSE,TRUE
286,NA,September 1998,Atlantic Ocean - North,"Stellwagen Bank, Massachusetts",Megaptera novaeangliae,humpback whale,Confirmed,Collision,"""humpback whale was injured""",Indeterminate visible injury,Humpback whale hit by WW vessel on Stellwagen Bank. Reported by Yin (1999); hit by whale-watching vessel,Not known,Megaptera novaeangliae,Identified to species,Megaptera novaeangliae,Confirmed,Confirmed identification,Collision,Reported collision,Indeterminate injury,TRUE,0,Non-fatal known outcome,Unknown,Unknown,Atlantic Ocean - North,Atlantic Ocean,september 1998,Descriptive year,1998,1998,1998,Descriptive date,1990s,TRUE,TRUE,TRUE,FALSE,TRUE
287,NA,before 1998,Atlantic Ocean - North,Bahamas,Stenella frontalis,Atlantic spotted dolphin,Confirmed,Collision,"a calf received life-threatening wounds, apparently from a small boat",Severe external visible injury,Calf received life-threatening wounds. Reported in Samuels et al. (2000) reviewed in Van Waerebeek et al. (2007),Not known,Stenella frontalis,Identified to species,Stenella frontalis,Confirmed,Confirmed identification,Collision,Reported collision,Severe injury,TRUE,0,Non-fatal known outcome,Unknown,Unknown,Atlantic Ocean - North,Atlantic Ocean,before 1998,Before specified date,NA,1998,NA,No single usable year,NA,TRUE,TRUE,TRUE,FALSE,TRUE
288,2007-07-14T00:00:00Z,NA,Atlantic Ocean - North,"New Hampshire, near Jeffrey’s Ledge, USA east coast",Balaenoptera physalus,fin whale,Confirmed,Collision,Incident witnessed by crew and passengers of another vessel diring whale watching,Severe external visible injury,"Fin whale struck by boat off New Hampshire, USA",Not known,Balaenoptera physalus,Identified to species,Balaenoptera physalus,Confirmed,Confirmed identification,Collision,Reported collision,Severe injury,TRUE,0,Non-fatal known outcome,Unknown,Unknown,Atlantic Ocean - North,Atlantic Ocean,NA,Exact date,2007,2007,2007,Exact date,2000s,TRUE,TRUE,TRUE,FALSE,TRUE
289,NA,December 2006?,Pacific Ocean - South,New Zealand,NA,Unidentified small cetacean,Unconfirmed,Collision,"A 27 year old woman was seriously hurt off the coast of New Zealand after a 300kg dolphin leapt from the water crushing the woman and the front of the boat. In the same incident, another woman was hurt after she was thrown through the boat's windscreen.",Apparently minor external injury,"Woman hurt after a dolphin leapt onto a boat, New Zealand. People injured. No information on location and date. ""A 300kg dolphin"" and dolphin watching suggest Tursiops truncatus. Source: Marineconnnection.org",Not known,NA,Missing scientific name,NA,Unconfirmed,Not confirmed or missing,Collision,Reported collision,Minor injury,TRUE,0,Non-fatal known outcome,Unknown,Unknown,Pacific Ocean - South,Pacific Ocean,december 2006?,Descriptive year,2006,2006,2006,Descriptive date,2000s,FALSE,FALSE,FALSE,FALSE,TRUE
290,NA,February 2008,Pacific Ocean - North,"Santa Barbara Channel, USA",Balaenoptera musculus,blue whale,Confirmed,Collision,"""as many as five died because of ship strikes""",Death,At least two deaths of blue whales in the Santa Barbara Channel,Not known,Balaenoptera musculus,Identified to species,Balaenoptera musculus,Confirmed,Confirmed identification,Collision,Reported collision,Death,TRUE,1,Fatal,Unknown,Unknown,Pacific Ocean - North,Pacific Ocean,february 2008,Descriptive year,2008,2008,2008,Descriptive date,2000s,TRUE,TRUE,TRUE,FALSE,TRUE
291,2007-06-01T00:00:00Z,NA,Atlantic Ocean - Mediterranean Sea,"off Cap Sicié, France",Balaenoptera physalus,fin whale,Unconfirmed,Collision,unknown,Not known,"""Le premier en juin, suite à une collision avec le porte-avions Charles de Gaulle, un rorqual femelle a été pétardé au large du Cap Sicié "" Bulletin Pelagos (France), janvier 2008 Bulletin Pelagos (France), janvier 2008 reported to KVW by A. De Lichterve",Not known,Balaenoptera physalus,Identified to species,Balaenoptera physalus,Unconfirmed,Not confirmed or missing,Collision,Reported collision,Unknown,FALSE,NA,Unknown outcome,Unknown,Unknown,Atlantic Ocean - Mediterranean Sea,Atlantic Ocean,NA,Exact date,2007,2007,2007,Exact date,2000s,TRUE,FALSE,FALSE,FALSE,FALSE
292,2008-01-10T00:00:00Z,NA,Pacific Ocean - North,"Kona coast, Oahu, Hawaii",Megaptera novaeangliae,humpback whale,Confirmed,Collision,reportedly struck a humpback whale,Not known,"On Jan. 10, a small tour boat reportedly struck a humpback whale of unconfirmed age off the Kona coast. Ellen Edmands, staff writer, can be reached at eedmands@kauaipubco.com.",Not known,Megaptera novaeangliae,Identified to species,Megaptera novaeangliae,Confirmed,Confirmed identification,Collision,Reported collision,Unknown,FALSE,NA,Unknown outcome,Unknown,Unknown,Pacific Ocean - North,Pacific Ocean,NA,Exact date,2008,2008,2008,Exact date,2000s,TRUE,FALSE,TRUE,FALSE,FALSE
293,2008-01-27T00:00:00Z,NA,Pacific Ocean - North,"Waikiki, Hawaii",Megaptera novaeangliae,humpback whale,Confirmed,Collision,"On Jan. 27 in Waikiki, another small tour boat collided with a humpback calf born this year",Not known,"On Jan. 27 in Waikiki, another small tour boat collided with a humpback calf born this year",Not known,Megaptera novaeangliae,Identified to species,Megaptera novaeangliae,Confirmed,Confirmed identification,Collision,Reported collision,Unknown,FALSE,NA,Unknown outcome,Unknown,Unknown,Pacific Ocean - North,Pacific Ocean,NA,Exact date,2008,2008,2008,Exact date,2000s,TRUE,FALSE,TRUE,FALSE,FALSE
294,1998-03-19T00:00:00Z,NA,Atlantic Ocean - North,"Dakar, Senegal, West Africa",Balaenoptera borealis,sei whale,Confirmed,Shore,NA,NA,See Félix and Van Waerebeek (2005). Specimen examined in harbour of Dakar.,Not known,Balaenoptera borealis,Identified to species,Balaenoptera borealis,Confirmed,Confirmed identification,Shore,Shore-based evidence,Unknown,FALSE,NA,Unknown outcome,Unknown,Unknown,Atlantic Ocean - North,Atlantic Ocean,NA,Exact date,1998,1998,1998,Exact date,1990s,TRUE,FALSE,TRUE,FALSE,FALSE
295,1998-08-25T00:00:00Z,NA,Atlantic Ocean - South,"Rio Grande, Brazil",Eubalaena australis,southern right whale,Confirmed,Shore,NA,NA,NA,Not known,Eubalaena australis,Identified to species,Eubalaena australis,Confirmed,Confirmed identification,Shore,Shore-based evidence,Unknown,FALSE,NA,Unknown outcome,Unknown,Unknown,Atlantic Ocean - South,Atlantic Ocean,NA,Exact date,1998,1998,1998,Exact date,1990s,TRUE,FALSE,TRUE,FALSE,FALSE
296,NA,1991,Atlantic Ocean - South,"Rio Grande, Brazil",Eubalaena australis,southern right whale,Confirmed,Shore,NA,NA,Very few details available,Not known,Eubalaena australis,Identified to species,Eubalaena australis,Confirmed,Confirmed identification,Shore,Shore-based evidence,Unknown,FALSE,NA,Unknown outcome,Unknown,Unknown,Atlantic Ocean - South,Atlantic Ocean,1991,Descriptive year,1991,1991,1991,Descriptive date,1990s,TRUE,FALSE,TRUE,FALSE,FALSE
297,2003-05-27T00:00:00Z,NA,Pacific Ocean - South,"Station Creek, north coast New South Wales, Australia",Balaenoptera acutorostrata ssp.,dwarf minke whale,Tentative dwarf/antarctic,Shore,NA,NA,Newborn or very young,Not known,Balaenoptera acutorostrata ssp.,Identified to species,Balaenoptera acutorostrata,Tentative,Not confirmed or missing,Shore,Shore-based evidence,Unknown,FALSE,NA,Unknown outcome,Unknown,Unknown,Pacific Ocean - South,Pacific Ocean,NA,Exact date,2003,2003,2003,Exact date,2000s,TRUE,FALSE,FALSE,FALSE,FALSE
298,2003-10-10T00:00:00Z,NA,Pacific Ocean - South,"Paramonga Province, Peru",Physeter macrocephalus,sperm whale,Confirmed,Shore,NA,NA,Specimen's skeleton in exhibition at San Marcos University's Natural History Museum,Not known,Physeter macrocephalus,Identified to species,Physeter macrocephalus,Confirmed,Confirmed identification,Shore,Shore-based evidence,Unknown,FALSE,NA,Unknown outcome,Unknown,Unknown,Pacific Ocean - South,Pacific Ocean,NA,Exact date,2003,2003,2003,Exact date,2000s,TRUE,FALSE,TRUE,FALSE,FALSE
299,1976-04-15T00:00:00Z,NA,Atlantic Ocean - North,"Cape Cod, Massachusetts, U.S. East Coast",Eubalaena glacialis,North Atlantic right whale,Confirmed,Shore,NA,NA,"Table 2 in Laist et al. (2001). Data from the Cetacean Distributional Database, Smithsonian Institution,Washington, DC.",Not known,Eubalaena glacialis,Identified to species,Eubalaena glacialis,Confirmed,Confirmed identification,Shore,Shore-based evidence,Unknown,FALSE,NA,Unknown outcome,Unknown,Unknown,Atlantic Ocean - North,Atlantic Ocean,NA,Exact date,1976,1976,1976,Exact date,1970s,TRUE,FALSE,TRUE,FALSE,FALSE
300,1983-02-21T00:00:00Z,NA,Atlantic Ocean - North,"Beach Island, New Jersey, U.S. East Coast",Eubalaena glacialis,North Atlantic right whale,NA,Shore,NA,NA,"2 years old male Nº 1128 Knowlton & Kraus 2001 and Laist et al (2001) . Consult the Data from the Cetacean Distributional Database, Smithsonian Institution,Washington, DC. (Jim Mead). Incomplete data",Not known,Eubalaena glacialis,Identified to species,Eubalaena glacialis,Missing,Not confirmed or missing,Shore,Shore-based evidence,Unknown,FALSE,NA,Unknown outcome,Unknown,Unknown,Atlantic Ocean - North,Atlantic Ocean,NA,Exact date,1983,1983,1983,Exact date,1980s,TRUE,FALSE,FALSE,FALSE,FALSE
301,1986-07-08T00:00:00Z,NA,Atlantic Ocean - North,"Cape Cod, Massachusetts Bay, Massachusetts, U.S. East Coast",Eubalaena glacialis,North Atlantic right whale,Confirmed,Shore,NA,NA,"Laist et al. (2001). Knowlton & Kraus 2001. Consult the Cetacean Distributional Database, Smithsonian Institution,Washington, DC.",Not known,Eubalaena glacialis,Identified to species,Eubalaena glacialis,Confirmed,Confirmed identification,Shore,Shore-based evidence,Unknown,FALSE,NA,Unknown outcome,Unknown,Unknown,Atlantic Ocean - North,Atlantic Ocean,NA,Exact date,1986,1986,1986,Exact date,1980s,TRUE,FALSE,TRUE,FALSE,FALSE
302,1991-12-03T00:00:00Z,NA,Atlantic Ocean - North,"Fernandina Beach, Amelia Island, Florida, U.S. East Coast",Eubalaena glacialis,North Atlantic right whale,Confirmed,Shore,NA,NA,"Incomplete data in Table 2 in Laist et al. (2001). Consult the Cetacean Distributional Database, Smithsonian Institution,Washington, DC. (Jim Mead)",Not known,Eubalaena glacialis,Identified to species,Eubalaena glacialis,Confirmed,Confirmed identification,Shore,Shore-based evidence,Unknown,FALSE,NA,Unknown outcome,Unknown,Unknown,Atlantic Ocean - North,Atlantic Ocean,NA,Exact date,1991,1991,1991,Exact date,1990s,TRUE,FALSE,TRUE,FALSE,FALSE
303,1996-01-30T00:00:00Z,NA,Atlantic Ocean - North,"Offshore Georgia, U.S. East Coast",Eubalaena glacialis,North Atlantic right whale,Confirmed,Shore,NA,NA,NA,Not known,Eubalaena glacialis,Identified to species,Eubalaena glacialis,Confirmed,Confirmed identification,Shore,Shore-based evidence,Unknown,FALSE,NA,Unknown outcome,Unknown,Unknown,Atlantic Ocean - North,Atlantic Ocean,NA,Exact date,1996,1996,1996,Exact date,1990s,TRUE,FALSE,TRUE,FALSE,FALSE
304,1996-03-10T00:00:00Z,NA,Atlantic Ocean - North,"Cape Cod, Massachusetts, U.S. East Coast",Eubalaena glacialis,North Atlantic right whale,Confirmed,Shore,NA,NA,"Lobster line including a trap caught through mouth and around tail. Entanglement occurred in Dec 1995. Laist et al. (2001). Knowlton and Kraus (2001). Data from the Cetacean Distributional Database, Smithsonian Institution,Washington",Not known,Eubalaena glacialis,Identified to species,Eubalaena glacialis,Confirmed,Confirmed identification,Shore,Shore-based evidence,Unknown,FALSE,NA,Unknown outcome,Unknown,Unknown,Atlantic Ocean - North,Atlantic Ocean,NA,Exact date,1996,1996,1996,Exact date,1990s,TRUE,FALSE,TRUE,FALSE,FALSE
305,1991-08-11T00:00:00Z,NA,Atlantic Ocean - North,"Island Beach, New Jersey, U.S. East Coast",Megaptera novaeangliae,humpback whale,Confirmed,Shore,NA,NA,"Table 2 in Laist et al. (2001), Data from the Cetacean Distributional Database, Smithsonian Institution, Washington, DC. (Contact: J. Mead)",Not known,Megaptera novaeangliae,Identified to species,Megaptera novaeangliae,Confirmed,Confirmed identification,Shore,Shore-based evidence,Unknown,FALSE,NA,Unknown outcome,Unknown,Unknown,Atlantic Ocean - North,Atlantic Ocean,NA,Exact date,1991,1991,1991,Exact date,1990s,TRUE,FALSE,TRUE,FALSE,FALSE
306,1992-01-14T00:00:00Z,NA,Atlantic Ocean - North,"Virginia Beach, Virginia, U.S. East Coast",Megaptera novaeangliae,humpback whale,Confirmed,Shore,NA,NA,"Table 2 from Laist et al. (2001), data taken from Cetacean Distributional Database, Smithsonian Institution, Washington, DC. (Contact: J. Mead)",Not known,Megaptera novaeangliae,Identified to species,Megaptera novaeangliae,Confirmed,Confirmed identification,Shore,Shore-based evidence,Unknown,FALSE,NA,Unknown outcome,Unknown,Unknown,Atlantic Ocean - North,Atlantic Ocean,NA,Exact date,1992,1992,1992,Exact date,1990s,TRUE,FALSE,TRUE,FALSE,FALSE
307,1992-04-16T00:00:00Z,NA,Atlantic Ocean - North,"Assateague Island, Maryland, U.S. East Coast",Megaptera novaeangliae,humpback whale,Confirmed,Shore,NA,NA,"Table 2 in Laist et al. (2001). Data from Cetacean Distributional Database, Smithsonian Institution, Washington, DC.",Not known,Megaptera novaeangliae,Identified to species,Megaptera novaeangliae,Confirmed,Confirmed identification,Shore,Shore-based evidence,Unknown,FALSE,NA,Unknown outcome,Unknown,Unknown,Atlantic Ocean - North,Atlantic Ocean,NA,Exact date,1992,1992,1992,Exact date,1990s,TRUE,FALSE,TRUE,FALSE,FALSE
308,1992-04-22T00:00:00Z,NA,Atlantic Ocean - North,"Hatteras, North Carolina, U.S. East Coast",Megaptera novaeangliae,humpback whale,Confirmed,Shore,NA,NA,"Table 2 in Laist et al. (2001), Data from the Cetacean Distributional Database, Smithsonian Institution, Washington, DC.",Not known,Megaptera novaeangliae,Identified to species,Megaptera novaeangliae,Confirmed,Confirmed identification,Shore,Shore-based evidence,Unknown,FALSE,NA,Unknown outcome,Unknown,Unknown,Atlantic Ocean - North,Atlantic Ocean,NA,Exact date,1992,1992,1992,Exact date,1990s,TRUE,FALSE,TRUE,FALSE,FALSE
309,1992-09-10T00:00:00Z,NA,Atlantic Ocean - North,"Metompkin Island, Virginia, U.S. East Coast",Megaptera novaeangliae,humpback whale,Confirmed,Shore,NA,NA,"Extracted from Table 2 in Laist et al. (2001). Original data from the Cetacean Distributional Database, Smithsonian Institution, Washington, DC. (contact: J. Mead)",Not known,Megaptera novaeangliae,Identified to species,Megaptera novaeangliae,Confirmed,Confirmed identification,Shore,Shore-based evidence,Unknown,FALSE,NA,Unknown outcome,Unknown,Unknown,Atlantic Ocean - North,Atlantic Ocean,NA,Exact date,1992,1992,1992,Exact date,1990s,TRUE,FALSE,TRUE,FALSE,FALSE
310,1996-09-05T00:00:00Z,NA,Atlantic Ocean - North,"Cape Henlopen, Delaware, USA East Coast",Megaptera novaeangliae,humpback whale,Confirmed,Shore,NA,NA,"Data from the Cetacean Distributional Database, Smithsonian Institution,Washington, DC, cited by Laist et al. (2001, Table 2). Contact J. Mead",Not known,Megaptera novaeangliae,Identified to species,Megaptera novaeangliae,Confirmed,Confirmed identification,Shore,Shore-based evidence,Unknown,FALSE,NA,Unknown outcome,Unknown,Unknown,Atlantic Ocean - North,Atlantic Ocean,NA,Exact date,1996,1996,1996,Exact date,1990s,TRUE,FALSE,TRUE,FALSE,FALSE
311,1996-03-11T00:00:00Z,NA,Atlantic Ocean - North,"Corolla, North Carolina, USA East Coast",Megaptera novaeangliae,humpback whale,Confirmed,Shore,NA,NA,"Incomplete data from the Cetacean Distributional Database, Smithsonian Institution,Washington, DC, cited by Laist et al. (2001, table 2). Contact J. Mead",Not known,Megaptera novaeangliae,Identified to species,Megaptera novaeangliae,Confirmed,Confirmed identification,Shore,Shore-based evidence,Unknown,FALSE,NA,Unknown outcome,Unknown,Unknown,Atlantic Ocean - North,Atlantic Ocean,NA,Exact date,1996,1996,1996,Exact date,1990s,TRUE,FALSE,TRUE,FALSE,FALSE
312,1989-07-14T00:00:00Z,NA,Atlantic Ocean - North,"North Kingstown, Rhode Island, USA East Coast",Balaenoptera physalus,fin whale,Confirmed,Shore,NA,NA,"Data from the Cetacean Distributional Database, Smithsonian Institution,Washington, DC, cited by Laist et al (2001, Table 2).",Not known,Balaenoptera physalus,Identified to species,Balaenoptera physalus,Confirmed,Confirmed identification,Shore,Shore-based evidence,Unknown,FALSE,NA,Unknown outcome,Unknown,Unknown,Atlantic Ocean - North,Atlantic Ocean,NA,Exact date,1989,1989,1989,Exact date,1980s,TRUE,FALSE,TRUE,FALSE,FALSE
313,1990-11-25T00:00:00Z,NA,Atlantic Ocean - North,"Curtis Bay, Maryland, USA East Coast",Balaenoptera physalus,fin whale,Confirmed,Shore,NA,NA,"Data from the Cetacean Distributional Database, Smithsonian Institution,Washington, DC, cited by Laist et al (2001).",Not known,Balaenoptera physalus,Identified to species,Balaenoptera physalus,Confirmed,Confirmed identification,Shore,Shore-based evidence,Unknown,FALSE,NA,Unknown outcome,Unknown,Unknown,Atlantic Ocean - North,Atlantic Ocean,NA,Exact date,1990,1990,1990,Exact date,1990s,TRUE,FALSE,TRUE,FALSE,FALSE
314,1992-02-06T00:00:00Z,NA,Atlantic Ocean - North,"Long Beach Island, New Jersey, USA East Coast",Balaenoptera physalus,fin whale,Confirmed,Shore,NA,NA,"Data from the Cetacean Distributional Database, Smithsonian Institution,Washington, DC, cited by Laist et al (2001. Table 2).",Not known,Balaenoptera physalus,Identified to species,Balaenoptera physalus,Confirmed,Confirmed identification,Shore,Shore-based evidence,Unknown,FALSE,NA,Unknown outcome,Unknown,Unknown,Atlantic Ocean - North,Atlantic Ocean,NA,Exact date,1992,1992,1992,Exact date,1990s,TRUE,FALSE,TRUE,FALSE,FALSE
315,1988-05-13T00:00:00Z,NA,Atlantic Ocean - North,"Duxbury Beach, Massachusetts, USA East Coast",Balaenoptera acutorostrata,Common minke whale,Confirmed,Shore,NA,NA,"Data from the Cetacean Distributional Database, Smithsonian Institution,Washington, DC, cited by Laist et al. (2001, table 2). Contact J Mead",Not known,Balaenoptera acutorostrata,Identified to species,Balaenoptera acutorostrata,Confirmed,Confirmed identification,Shore,Shore-based evidence,Unknown,FALSE,NA,Unknown outcome,Unknown,Unknown,Atlantic Ocean - North,Atlantic Ocean,NA,Exact date,1988,1988,1988,Exact date,1980s,TRUE,FALSE,TRUE,FALSE,FALSE
316,1992-03-15T00:00:00Z,NA,Atlantic Ocean - North,"St. Johns River, Florida, USA East Coast",Balaenoptera acutorostrata,Common minke whale,Confirmed,Shore,NA,NA,"Approximate geographical position. Data from the Cetacean Distributional Database, Smithsonian Institution,Washington, DC, cited by Laist et al. (2001, table 2).",Not known,Balaenoptera acutorostrata,Identified to species,Balaenoptera acutorostrata,Confirmed,Confirmed identification,Shore,Shore-based evidence,Unknown,FALSE,NA,Unknown outcome,Unknown,Unknown,Atlantic Ocean - North,Atlantic Ocean,NA,Exact date,1992,1992,1992,Exact date,1990s,TRUE,FALSE,TRUE,FALSE,FALSE
317,1993-01-10T00:00:00Z,NA,Atlantic Ocean - North,"Sandbridge, Virginia, USA East Coast",Balaenoptera acutorostrata,Common minke whale,Confirmed,Shore,NA,NA,"Data from the Cetacean Distributional Database, Smithsonian Institution,Washington, DC, cited by Laist et al. (2001, table 2).",Not known,Balaenoptera acutorostrata,Identified to species,Balaenoptera acutorostrata,Confirmed,Confirmed identification,Shore,Shore-based evidence,Unknown,FALSE,NA,Unknown outcome,Unknown,Unknown,Atlantic Ocean - North,Atlantic Ocean,NA,Exact date,1993,1993,1993,Exact date,1990s,TRUE,FALSE,TRUE,FALSE,FALSE
318,1994-05-20T00:00:00Z,NA,Atlantic Ocean - Mediterranean Sea,"Gulf of Cagliari Gulf, Sardinia",Balaenoptera physalus,fin whale,Confirmed,Shore,NA,NA,"Data from the Centro Studi Cetacei, Museo di Storia Naturale di Milano, Italy cited by Laist et al. (2001, table 3).",Not known,Balaenoptera physalus,Identified to species,Balaenoptera physalus,Confirmed,Confirmed identification,Shore,Shore-based evidence,Unknown,FALSE,NA,Unknown outcome,Unknown,Unknown,Atlantic Ocean - Mediterranean Sea,Atlantic Ocean,NA,Exact date,1994,1994,1994,Exact date,1990s,TRUE,FALSE,TRUE,FALSE,FALSE
319,1987-04-27T00:00:00Z,NA,Atlantic Ocean - Mediterranean Sea,"Savona, Liguria, Genova Gulf, Italy",Physeter macrocephalus,sperm whale,Confirmed,Shore,NA,NA,"Approximate position. Data from the Centro Studi Cetacei, Museo di Storia Naturale di Milano, Italy cited by Laist et al. (2001, table 3).",Not known,Physeter macrocephalus,Identified to species,Physeter macrocephalus,Confirmed,Confirmed identification,Shore,Shore-based evidence,Unknown,FALSE,NA,Unknown outcome,Unknown,Unknown,Atlantic Ocean - Mediterranean Sea,Atlantic Ocean,NA,Exact date,1987,1987,1987,Exact date,1980s,TRUE,FALSE,TRUE,FALSE,FALSE
320,1988-01-16T00:00:00Z,NA,Atlantic Ocean - Mediterranean Sea,"Gulf of Cagliari, Cagliari, Sardinia",Physeter macrocephalus,sperm whale,Confirmed,Shore,NA,NA,"Approximate position. Data from the Centro Studi Cetacei, Museo di Storia Naturale di Milano, Italy cited by Laist et al. (2001, table 3).",Not known,Physeter macrocephalus,Identified to species,Physeter macrocephalus,Confirmed,Confirmed identification,Shore,Shore-based evidence,Unknown,FALSE,NA,Unknown outcome,Unknown,Unknown,Atlantic Ocean - Mediterranean Sea,Atlantic Ocean,NA,Exact date,1988,1988,1988,Exact date,1980s,TRUE,FALSE,TRUE,FALSE,FALSE
321,1997-01-24T00:00:00Z,NA,Atlantic Ocean - Mediterranean Sea,"Messina, Italy",Physeter macrocephalus,sperm whale,Confirmed,Shore,NA,NA,"Approximate position. Data from the Centro Studi Cetacei, Museo di Storia Naturale di Milano, Italy cited by Laist et al. (2001, table 3).",Not known,Physeter macrocephalus,Identified to species,Physeter macrocephalus,Confirmed,Confirmed identification,Shore,Shore-based evidence,Unknown,FALSE,NA,Unknown outcome,Unknown,Unknown,Atlantic Ocean - Mediterranean Sea,Atlantic Ocean,NA,Exact date,1997,1997,1997,Exact date,1990s,TRUE,FALSE,TRUE,FALSE,FALSE
322,1997-09-08T00:00:00Z,NA,Atlantic Ocean - Mediterranean Sea,"Ischia, Campania, Italy",Physeter macrocephalus,sperm whale,Confirmed,Shore,NA,NA,"Data from the Centro Studi Cetacei, Museo di Storia Naturale di Milano, Italy cited by Laist et al. (2001, table 3).",Not known,Physeter macrocephalus,Identified to species,Physeter macrocephalus,Confirmed,Confirmed identification,Shore,Shore-based evidence,Unknown,FALSE,NA,Unknown outcome,Unknown,Unknown,Atlantic Ocean - Mediterranean Sea,Atlantic Ocean,NA,Exact date,1997,1997,1997,Exact date,1990s,TRUE,FALSE,TRUE,FALSE,FALSE
323,1991-05-13T00:00:00Z,NA,Atlantic Ocean - North,"Bay of Biscay, Donges, France",Balaenoptera physalus,fin whale,Confirmed,Shore,NA,NA,"Brought into port on bow of tanker. Data from the Institut de la Mer et du Littoral, La Rochelle, France, cited by Laist et al. (2001)",Not known,Balaenoptera physalus,Identified to species,Balaenoptera physalus,Confirmed,Confirmed identification,Shore,Shore-based evidence,Unknown,FALSE,NA,Unknown outcome,Unknown,Unknown,Atlantic Ocean - North,Atlantic Ocean,NA,Exact date,1991,1991,1991,Exact date,1990s,TRUE,FALSE,TRUE,FALSE,FALSE
324,1994-07-19T00:00:00Z,NA,Atlantic Ocean - North,"Le Havre, France",Balaenoptera physalus,fin whale,Confirmed,Shore,NA,NA,"Carcass recovered from bow. Data from the Institut de la Mer et du Littoral, La Rochelle, France, cited by Laist et al. (2001). Contact A. Collet",Not known,Balaenoptera physalus,Identified to species,Balaenoptera physalus,Confirmed,Confirmed identification,Shore,Shore-based evidence,Unknown,FALSE,NA,Unknown outcome,Unknown,Unknown,Atlantic Ocean - North,Atlantic Ocean,NA,Exact date,1994,1994,1994,Exact date,1990s,TRUE,FALSE,TRUE,FALSE,FALSE
325,1995-09-26T00:00:00Z,NA,Atlantic Ocean - Mediterranean Sea,"Fos sur Mer, France",Balaenoptera physalus,fin whale,Confirmed,Shore,NA,NA,"Approximate position, unconfirmed necropsy. Data from the Institut de la Mer et du Littoral, La Rochelle, France, cited by Laist et al. (2001)",Whal watching vessel,Balaenoptera physalus,Identified to species,Balaenoptera physalus,Confirmed,Confirmed identification,Shore,Shore-based evidence,Unknown,FALSE,NA,Unknown outcome,Whale-watching vessel,Research or whale-watching,Atlantic Ocean - Mediterranean Sea,Atlantic Ocean,NA,Exact date,1995,1995,1995,Exact date,1990s,TRUE,FALSE,TRUE,FALSE,FALSE
326,1996-07-26T00:00:00Z,NA,Atlantic Ocean - Mediterranean Sea,NA,Balaenoptera physalus,fin whale,Confirmed,Shore,NA,NA,"Unconfirmed necropsy, no position of recovery or place of necropsy, but sex and length available. Data from the Institut de la Mer et du Littoral, La Rochelle, France, cited by Laist et al. (2001). Contact A. Collet.",NA,Balaenoptera physalus,Identified to species,Balaenoptera physalus,Confirmed,Confirmed identification,Shore,Shore-based evidence,Unknown,FALSE,NA,Unknown outcome,Unknown,Unknown,Atlantic Ocean - Mediterranean Sea,Atlantic Ocean,NA,Exact date,1996,1996,1996,Exact date,1990s,TRUE,FALSE,TRUE,FALSE,FALSE
327,1994-09-22T00:00:00Z,NA,Atlantic Ocean - South,"Kabeljoubank, Breede River, South Africa",Eubalaena australis,southern right whale,Confirmed,Shore,NA,NA,"Original data from P. Best et al., (2001) cited by Laist et al (2001)",Not known,Eubalaena australis,Identified to species,Eubalaena australis,Confirmed,Confirmed identification,Shore,Shore-based evidence,Unknown,FALSE,NA,Unknown outcome,Unknown,Unknown,Atlantic Ocean - South,Atlantic Ocean,NA,Exact date,1994,1994,1994,Exact date,1990s,TRUE,FALSE,TRUE,FALSE,FALSE
328,1994-10-11T00:00:00Z,NA,Atlantic Ocean - South,"Shell Bay, St Helena Bay, South Africa",Eubalaena australis,southern right whale,Confirmed,Shore,NA,NA,"Original data from P. Best et al., (2001) cited by Laist et al (2001)",Not known,Eubalaena australis,Identified to species,Eubalaena australis,Confirmed,Confirmed identification,Shore,Shore-based evidence,Unknown,FALSE,NA,Unknown outcome,Unknown,Unknown,Atlantic Ocean - South,Atlantic Ocean,NA,Exact date,1994,1994,1994,Exact date,1990s,TRUE,FALSE,TRUE,FALSE,FALSE
329,1996-07-28T00:00:00Z,NA,Atlantic Ocean - South,"Scarborough, Cape Peninsula, South Africa",Eubalaena australis,southern right whale,Confirmed,Shore,NA,NA,"Approximate position. Original data from P. Best et al., (2001) cited by Laist et al (2001)",Not known,Eubalaena australis,Identified to species,Eubalaena australis,Confirmed,Confirmed identification,Shore,Shore-based evidence,Unknown,FALSE,NA,Unknown outcome,Unknown,Unknown,Atlantic Ocean - South,Atlantic Ocean,NA,Exact date,1996,1996,1996,Exact date,1990s,TRUE,FALSE,TRUE,FALSE,FALSE
330,NA,"April 1973, day not known",NA,NA,Balaenoptera physalus,fin whale,Confirmed,Shore,NA,NA,"Museum of Natural History, Verona",Not known,Balaenoptera physalus,Identified to species,Balaenoptera physalus,Confirmed,Confirmed identification,Shore,Shore-based evidence,Unknown,FALSE,NA,Unknown outcome,Unknown,Unknown,Unknown,Unknown,"april 1973, day not known",Descriptive year,1973,1973,1973,Descriptive date,1970s,TRUE,FALSE,TRUE,FALSE,FALSE
331,1976-01-24T00:00:00Z,NA,Atlantic Ocean - Mediterranean Sea,"Messina, Italy",Balaenoptera physalus,fin whale,Confirmed,Shore,NA,NA,NA,Not known,Balaenoptera physalus,Identified to species,Balaenoptera physalus,Confirmed,Confirmed identification,Shore,Shore-based evidence,Unknown,FALSE,NA,Unknown outcome,Unknown,Unknown,Atlantic Ocean - Mediterranean Sea,Atlantic Ocean,NA,Exact date,1976,1976,1976,Exact date,1970s,TRUE,FALSE,TRUE,FALSE,FALSE
332,1988-10-09T00:00:00Z,NA,Indian Ocean,"Elizabeth Harbor, 25 Km E Sunaday River",Eubalaena australis,southern right whale,Confirmed,Shore,NA,NA,"Ship strike reported September 7, 1988, 7km outside Port Elizabeth. Approximate position",Not known,Eubalaena australis,Identified to species,Eubalaena australis,Confirmed,Confirmed identification,Shore,Shore-based evidence,Unknown,FALSE,NA,Unknown outcome,Unknown,Unknown,Indian Ocean,Indian Ocean,NA,Exact date,1988,1988,1988,Exact date,1980s,TRUE,FALSE,TRUE,FALSE,FALSE
333,1985-01-15T00:00:00Z,NA,Atlantic Ocean - Mediterranean Sea,"Aude, France",Balaenoptera physalus,fin whale,Confirmed,Shore,NA,NA,NA,Not known,Balaenoptera physalus,Identified to species,Balaenoptera physalus,Confirmed,Confirmed identification,Shore,Shore-based evidence,Unknown,FALSE,NA,Unknown outcome,Unknown,Unknown,Atlantic Ocean - Mediterranean Sea,Atlantic Ocean,NA,Exact date,1985,1985,1985,Exact date,1980s,TRUE,FALSE,TRUE,FALSE,FALSE
334,1986-06-23T00:00:00Z,NA,Atlantic Ocean - Mediterranean Sea,"Livorno, Italy",Balaenoptera physalus,fin whale,Confirmed,Shore,NA,NA,NA,Not known,Balaenoptera physalus,Identified to species,Balaenoptera physalus,Confirmed,Confirmed identification,Shore,Shore-based evidence,Unknown,FALSE,NA,Unknown outcome,Unknown,Unknown,Atlantic Ocean - Mediterranean Sea,Atlantic Ocean,NA,Exact date,1986,1986,1986,Exact date,1980s,TRUE,FALSE,TRUE,FALSE,FALSE
335,1986-06-28T00:00:00Z,NA,NA,NA,Balaenoptera physalus,fin whale,Confirmed,Shore,NA,NA,NA,Not known,Balaenoptera physalus,Identified to species,Balaenoptera physalus,Confirmed,Confirmed identification,Shore,Shore-based evidence,Unknown,FALSE,NA,Unknown outcome,Unknown,Unknown,Unknown,Unknown,NA,Exact date,1986,1986,1986,Exact date,1980s,TRUE,FALSE,TRUE,FALSE,FALSE
336,1987-05-13T00:00:00Z,NA,Atlantic Ocean - Mediterranean Sea,"Valencia, Spain",Balaenoptera physalus,fin whale,Confirmed,Shore,NA,NA,NA,Not known,Balaenoptera physalus,Identified to species,Balaenoptera physalus,Confirmed,Confirmed identification,Shore,Shore-based evidence,Unknown,FALSE,NA,Unknown outcome,Unknown,Unknown,Atlantic Ocean - Mediterranean Sea,Atlantic Ocean,NA,Exact date,1987,1987,1987,Exact date,1980s,TRUE,FALSE,TRUE,FALSE,FALSE
337,1993-03-30T00:00:00Z,NA,Atlantic Ocean - Mediterranean Sea,"Sassari, Italy",Balaenoptera physalus,fin whale,Confirmed,Shore,NA,NA,NA,Not known,Balaenoptera physalus,Identified to species,Balaenoptera physalus,Confirmed,Confirmed identification,Shore,Shore-based evidence,Unknown,FALSE,NA,Unknown outcome,Unknown,Unknown,Atlantic Ocean - Mediterranean Sea,Atlantic Ocean,NA,Exact date,1993,1993,1993,Exact date,1990s,TRUE,FALSE,TRUE,FALSE,FALSE
338,1994-05-20T00:00:00Z,NA,Atlantic Ocean - Mediterranean Sea,"Cagliari, Italy",Balaenoptera physalus,fin whale,Confirmed,Shore,NA,NA,NA,Not known,Balaenoptera physalus,Identified to species,Balaenoptera physalus,Confirmed,Confirmed identification,Shore,Shore-based evidence,Unknown,FALSE,NA,Unknown outcome,Unknown,Unknown,Atlantic Ocean - Mediterranean Sea,Atlantic Ocean,NA,Exact date,1994,1994,1994,Exact date,1990s,TRUE,FALSE,TRUE,FALSE,FALSE
339,1995-05-25T00:00:00Z,NA,Atlantic Ocean - Mediterranean Sea,"Livorno, Italy",Balaenoptera physalus,fin whale,Confirmed,Shore,NA,NA,NA,Not known,Balaenoptera physalus,Identified to species,Balaenoptera physalus,Confirmed,Confirmed identification,Shore,Shore-based evidence,Unknown,FALSE,NA,Unknown outcome,Unknown,Unknown,Atlantic Ocean - Mediterranean Sea,Atlantic Ocean,NA,Exact date,1995,1995,1995,Exact date,1990s,TRUE,FALSE,TRUE,FALSE,FALSE
340,1998-02-07T00:00:00Z,NA,Atlantic Ocean - Mediterranean Sea,"Livorno, Italy",Balaenoptera physalus,fin whale,Confirmed,Shore,NA,NA,NA,Not known,Balaenoptera physalus,Identified to species,Balaenoptera physalus,Confirmed,Confirmed identification,Shore,Shore-based evidence,Unknown,FALSE,NA,Unknown outcome,Unknown,Unknown,Atlantic Ocean - Mediterranean Sea,Atlantic Ocean,NA,Exact date,1998,1998,1998,Exact date,1990s,TRUE,FALSE,TRUE,FALSE,FALSE
341,2000-07-09T00:00:00Z,NA,Atlantic Ocean - Mediterranean Sea,"Corsica, France",Balaenoptera physalus,fin whale,Confirmed,Shore,NA,NA,NA,Not known,Balaenoptera physalus,Identified to species,Balaenoptera physalus,Confirmed,Confirmed identification,Shore,Shore-based evidence,Unknown,FALSE,NA,Unknown outcome,Unknown,Unknown,Atlantic Ocean - Mediterranean Sea,Atlantic Ocean,NA,Exact date,2000,2000,2000,Exact date,2000s,TRUE,FALSE,TRUE,FALSE,FALSE
342,2000-10-25T00:00:00Z,NA,Atlantic Ocean - Mediterranean Sea,"La Seine sur Mer, France",Balaenoptera physalus,fin whale,Confirmed,Shore,NA,NA,NA,Not known,Balaenoptera physalus,Identified to species,Balaenoptera physalus,Confirmed,Confirmed identification,Shore,Shore-based evidence,Unknown,FALSE,NA,Unknown outcome,Unknown,Unknown,Atlantic Ocean - Mediterranean Sea,Atlantic Ocean,NA,Exact date,2000,2000,2000,Exact date,2000s,TRUE,FALSE,TRUE,FALSE,FALSE
343,1972-01-30T00:00:00Z,NA,Atlantic Ocean - Gulf of Mexico,"Freeport, Texas, USA",Eubalaena glacialis,North Atlantic right whale,Confirmed,Shore,NA,NA,See Knowlton and Kraus (2001),Not known,Eubalaena glacialis,Identified to species,Eubalaena glacialis,Confirmed,Confirmed identification,Shore,Shore-based evidence,Unknown,FALSE,NA,Unknown outcome,Unknown,Unknown,Atlantic Ocean - Gulf of Mexico,Atlantic Ocean,NA,Exact date,1972,1972,1972,Exact date,1970s,TRUE,FALSE,TRUE,FALSE,FALSE
344,1987-07-09T00:00:00Z,NA,Atlantic Ocean - North,"Nova Scotia, Canada east coast",Eubalaena glacialis,North Atlantic right whale,Confirmed,Shore,NA,NA,See Knowlton and Kraus (2001),Not known,Eubalaena glacialis,Identified to species,Eubalaena glacialis,Confirmed,Confirmed identification,Shore,Shore-based evidence,Unknown,FALSE,NA,Unknown outcome,Unknown,Unknown,Atlantic Ocean - North,Atlantic Ocean,NA,Exact date,1987,1987,1987,Exact date,1980s,TRUE,FALSE,TRUE,FALSE,FALSE
345,1992-05-09T00:00:00Z,NA,Atlantic Ocean - North,"Grand Manan Island, Bay of Fundy, Canada east coast",Eubalaena glacialis,North Atlantic right whale,Confirmed,Shore,NA,NA,Seen alive at sea but subsequently stranded.,Not known,Eubalaena glacialis,Identified to species,Eubalaena glacialis,Confirmed,Confirmed identification,Shore,Shore-based evidence,Unknown,FALSE,NA,Unknown outcome,Unknown,Unknown,Atlantic Ocean - North,Atlantic Ocean,NA,Exact date,1992,1992,1992,Exact date,1990s,TRUE,FALSE,TRUE,FALSE,FALSE
346,1995-10-20T00:00:00Z,NA,Atlantic Ocean - North,"Bay of Fundy, Long Island, Nova Scotia, Canada east coast",Eubalaena glacialis,North Atlantic right whale,Confirmed,Shore,NA,NA,Full necropsy impossible as whale found on inaccessible beach,Not known,Eubalaena glacialis,Identified to species,Eubalaena glacialis,Confirmed,Confirmed identification,Shore,Shore-based evidence,Unknown,FALSE,NA,Unknown outcome,Unknown,Unknown,Atlantic Ocean - North,Atlantic Ocean,NA,Exact date,1995,1995,1995,Exact date,1990s,TRUE,FALSE,TRUE,FALSE,FALSE
347,1999-04-20T00:00:00Z,NA,Atlantic Ocean - North,"Cape Cod, Massachusetts, US East Coast",Eubalaena glacialis,North Atlantic right whale,Confirmed,Shore,NA,NA,"Whale known as ""Stacatto"" - equivocal latitude indicated in Knowlton and Kraus (2001), 14 54.3, does not correspond to Cape Cod.",Not known,Eubalaena glacialis,Identified to species,Eubalaena glacialis,Confirmed,Confirmed identification,Shore,Shore-based evidence,Unknown,FALSE,NA,Unknown outcome,Unknown,Unknown,Atlantic Ocean - North,Atlantic Ocean,NA,Exact date,1999,1999,1999,Exact date,1990s,TRUE,FALSE,TRUE,FALSE,FALSE
348,1995-06-10T00:00:00Z,NA,Atlantic Ocean - North,"Piney Point, Maryland, East Coast USA",Balaenoptera acutorostrata,Common minke whale,Tentative,Shore,NA,NA,Probably brought 12 miles up Potomac by ship,Not known,Balaenoptera acutorostrata,Identified to species,Balaenoptera acutorostrata,Tentative,Not confirmed or missing,Shore,Shore-based evidence,Unknown,FALSE,NA,Unknown outcome,Unknown,Unknown,Atlantic Ocean - North,Atlantic Ocean,NA,Exact date,1995,1995,1995,Exact date,1990s,TRUE,FALSE,FALSE,FALSE,FALSE
349,1994-03-12T00:00:00Z,NA,Atlantic Ocean - North,"Cheasapeake Bay, VA Beach, Virginia, East Coast USA",Balaenoptera physalus,fin whale,Confirmed,Shore,NA,NA,NA,Not known,Balaenoptera physalus,Identified to species,Balaenoptera physalus,Confirmed,Confirmed identification,Shore,Shore-based evidence,Unknown,FALSE,NA,Unknown outcome,Unknown,Unknown,Atlantic Ocean - North,Atlantic Ocean,NA,Exact date,1994,1994,1994,Exact date,1990s,TRUE,FALSE,TRUE,FALSE,FALSE
350,1992-10-09T00:00:00Z,NA,Atlantic Ocean - North,"Metompkin Island, Virginia, East Coast USA",Megaptera novaeangliae,humpback whale,Confirmed,Shore,NA,NA,NA,Not known,Megaptera novaeangliae,Identified to species,Megaptera novaeangliae,Confirmed,Confirmed identification,Shore,Shore-based evidence,Unknown,FALSE,NA,Unknown outcome,Unknown,Unknown,Atlantic Ocean - North,Atlantic Ocean,NA,Exact date,1992,1992,1992,Exact date,1990s,TRUE,FALSE,TRUE,FALSE,FALSE
351,1992-07-31T00:00:00Z,NA,Atlantic Ocean - North,"Port Newak , New Jersey, East Coast USA",Balaenoptera physalus,fin whale,Confirmed,Shore,NA,NA,NA,Not known,Balaenoptera physalus,Identified to species,Balaenoptera physalus,Confirmed,Confirmed identification,Shore,Shore-based evidence,Unknown,FALSE,NA,Unknown outcome,Unknown,Unknown,Atlantic Ocean - North,Atlantic Ocean,NA,Exact date,1992,1992,1992,Exact date,1990s,TRUE,FALSE,TRUE,FALSE,FALSE
352,1991-11-08T00:00:00Z,NA,Atlantic Ocean - North,"Island Beach State Park, New Jersey, East Coast USA",Megaptera novaeangliae,humpback whale,Confirmed,Shore,NA,NA,NA,Not known,Megaptera novaeangliae,Identified to species,Megaptera novaeangliae,Confirmed,Confirmed identification,Shore,Shore-based evidence,Unknown,FALSE,NA,Unknown outcome,Unknown,Unknown,Atlantic Ocean - North,Atlantic Ocean,NA,Exact date,1991,1991,1991,Exact date,1990s,TRUE,FALSE,TRUE,FALSE,FALSE
353,1991-03-12T00:00:00Z,NA,Atlantic Ocean - North,"off Florida, East Coast USA",Eubalaena glacialis,North Atlantic right whale,Confirmed,Shore,NA,NA,2 years,Not known,Eubalaena glacialis,Identified to species,Eubalaena glacialis,Confirmed,Confirmed identification,Shore,Shore-based evidence,Unknown,FALSE,NA,Unknown outcome,Unknown,Unknown,Atlantic Ocean - North,Atlantic Ocean,NA,Exact date,1991,1991,1991,Exact date,1990s,TRUE,FALSE,TRUE,FALSE,FALSE
354,1986-08-07T00:00:00Z,NA,Atlantic Ocean - North,"Massachussets Bay, Massachusetts, East Coast USA",Eubalaena glacialis,North Atlantic right whale,Confirmed,Shore,NA,NA,NA,Not known,Eubalaena glacialis,Identified to species,Eubalaena glacialis,Confirmed,Confirmed identification,Shore,Shore-based evidence,Unknown,FALSE,NA,Unknown outcome,Unknown,Unknown,Atlantic Ocean - North,Atlantic Ocean,NA,Exact date,1986,1986,1986,Exact date,1980s,TRUE,FALSE,TRUE,FALSE,FALSE
355,1995-10-19T00:00:00Z,NA,Atlantic Ocean - North,"Bay of Fundy, Eastern Canada",Eubalaena glacialis,North Atlantic right whale,Confirmed,Shore,NA,NA,NA,Not known,Eubalaena glacialis,Identified to species,Eubalaena glacialis,Confirmed,Confirmed identification,Shore,Shore-based evidence,Unknown,FALSE,NA,Unknown outcome,Unknown,Unknown,Atlantic Ocean - North,Atlantic Ocean,NA,Exact date,1995,1995,1995,Exact date,1990s,TRUE,FALSE,TRUE,FALSE,FALSE
356,1992-09-05T00:00:00Z,NA,Atlantic Ocean - North,"Bay of Fundy, Eastern Canada",Eubalaena glacialis,North Atlantic right whale,Confirmed,Shore,NA,NA,NA,Not known,Eubalaena glacialis,Identified to species,Eubalaena glacialis,Confirmed,Confirmed identification,Shore,Shore-based evidence,Unknown,FALSE,NA,Unknown outcome,Unknown,Unknown,Atlantic Ocean - North,Atlantic Ocean,NA,Exact date,1992,1992,1992,Exact date,1990s,TRUE,FALSE,TRUE,FALSE,FALSE
357,1984-08-05T00:00:00Z,NA,Atlantic Ocean - North,"Browns Bank, Eastern Canada",Eubalaena glacialis,North Atlantic right whale,Confirmed,Shore,NA,NA,Dead,Not known,Eubalaena glacialis,Identified to species,Eubalaena glacialis,Confirmed,Confirmed identification,Shore,Shore-based evidence,Unknown,FALSE,NA,Unknown outcome,Unknown,Unknown,Atlantic Ocean - North,Atlantic Ocean,NA,Exact date,1984,1984,1984,Exact date,1980s,TRUE,FALSE,TRUE,FALSE,FALSE
358,1991-10-30T00:00:00Z,NA,Atlantic Ocean - Caribbean Sea,"Gallows Bay, Christianed Harbor, St.Croix Island, Virgin Islands",Kogia breviceps,pygmy sperm whale,Confirmed,Shore,NA,NA,See Cardona-Maldonado and Mignucci-Gianoni (1999),Not known,Kogia breviceps,Identified to species,Kogia breviceps,Confirmed,Confirmed identification,Shore,Shore-based evidence,Unknown,FALSE,NA,Unknown outcome,Unknown,Unknown,Atlantic Ocean - Caribbean Sea,Atlantic Ocean,NA,Exact date,1991,1991,1991,Exact date,1990s,TRUE,FALSE,TRUE,FALSE,FALSE
359,1995-03-05T00:00:00Z,NA,Pacific Ocean - North,"Westminster St, Venice, California, West coast USA",Megaptera novaeangliae,humpback whale,Confirmed,Shore,NA,NA,NA,Not known,Megaptera novaeangliae,Identified to species,Megaptera novaeangliae,Confirmed,Confirmed identification,Shore,Shore-based evidence,Unknown,FALSE,NA,Unknown outcome,Unknown,Unknown,Pacific Ocean - North,Pacific Ocean,NA,Exact date,1995,1995,1995,Exact date,1990s,TRUE,FALSE,TRUE,FALSE,FALSE
360,1988-01-11T00:00:00Z,NA,Pacific Ocean - North,"Marin County, California, West coast USA",Eschrichtius robustus,gray whale,Confirmed,Shore,NA,NA,Field ID RLD 266,Not known,Eschrichtius robustus,Identified to species,Eschrichtius robustus,Confirmed,Confirmed identification,Shore,Shore-based evidence,Unknown,FALSE,NA,Unknown outcome,Unknown,Unknown,Pacific Ocean - North,Pacific Ocean,NA,Exact date,1988,1988,1988,Exact date,1980s,TRUE,FALSE,TRUE,FALSE,FALSE
361,2004-02-07T00:00:00Z,NA,Atlantic Ocean - North,"Virginia Beach, Virginia, east coast USA",Eubalaena glacialis,North Atlantic right whale,Confirmed,Shore,NA,NA,"A 53-foot female named Stumpy, is thought to have been struck between New York and Virginia and was towed ashore in North Carolina, thought to be older than 40, pregnant. Tentative Position. Data from NMFS - Protected Resource Office",Not known,Eubalaena glacialis,Identified to species,Eubalaena glacialis,Confirmed,Confirmed identification,Shore,Shore-based evidence,Unknown,FALSE,NA,Unknown outcome,Unknown,Unknown,Atlantic Ocean - North,Atlantic Ocean,NA,Exact date,2004,2004,2004,Exact date,2000s,TRUE,FALSE,TRUE,FALSE,FALSE
362,2004-11-24T00:00:00Z,NA,Atlantic Ocean - North,"Ocean Sands, North Carolina, east coast USA",Eubalaena glacialis,North Atlantic right whale,Confirmed,Shore,NA,NA,Pregnant. No additional data offered by Dolman et al. (2006),Not known,Eubalaena glacialis,Identified to species,Eubalaena glacialis,Confirmed,Confirmed identification,Shore,Shore-based evidence,Unknown,FALSE,NA,Unknown outcome,Unknown,Unknown,Atlantic Ocean - North,Atlantic Ocean,NA,Exact date,2004,2004,2004,Exact date,2000s,TRUE,FALSE,TRUE,FALSE,FALSE
363,2005-01-12T00:00:00Z,NA,Atlantic Ocean - North,"Cumberland Island, Georgia, east coast USA",Eubalaena glacialis,North Atlantic right whale,Confirmed,Shore,NA,NA,"Individual # 2143 died from infections resulted from opening of previous ship strike wounds caused due to expansion during her pregnancy (Dolman et al., 2006). Tentative position",Not known,Eubalaena glacialis,Identified to species,Eubalaena glacialis,Confirmed,Confirmed identification,Shore,Shore-based evidence,Unknown,FALSE,NA,Unknown outcome,Unknown,Unknown,Atlantic Ocean - North,Atlantic Ocean,NA,Exact date,2005,2005,2005,Exact date,2000s,TRUE,FALSE,TRUE,FALSE,FALSE
364,2006-01-10T00:00:00Z,NA,Atlantic Ocean - North,"Near St. John Chanel, Jacksonville, Florida, east coast USA",Eubalaena glacialis,North Atlantic right whale,Confirmed,Shore,NA,NA,No more information offered by Dolman et al. (2006). Data from NMFS - Office of Protected Resources,Not known,Eubalaena glacialis,Identified to species,Eubalaena glacialis,Confirmed,Confirmed identification,Shore,Shore-based evidence,Unknown,FALSE,NA,Unknown outcome,Unknown,Unknown,Atlantic Ocean - North,Atlantic Ocean,NA,Exact date,2006,2006,2006,Exact date,2000s,TRUE,FALSE,TRUE,FALSE,FALSE
365,2006-07-24T00:00:00Z,NA,Atlantic Ocean - North,"New Brunswick, Canada east coast",Eubalaena glacialis,North Atlantic right whale,Confirmed,Shore,NA,NA,Yearling female. Tentative location,Not known,Eubalaena glacialis,Identified to species,Eubalaena glacialis,Confirmed,Confirmed identification,Shore,Shore-based evidence,Unknown,FALSE,NA,Unknown outcome,Unknown,Unknown,Atlantic Ocean - North,Atlantic Ocean,NA,Exact date,2006,2006,2006,Exact date,2000s,TRUE,FALSE,TRUE,FALSE,FALSE
366,2006-09-03T00:00:00Z,NA,Atlantic Ocean - North,"Yarmouth, Nova Scotia, Canada east coast",Eubalaena glacialis,North Atlantic right whale,Confirmed,Shore,NA,NA,No more information offered by Dolman et al. (2006). Tentative location obtained from New England Aquarium (2007),Whale watching vessel,Eubalaena glacialis,Identified to species,Eubalaena glacialis,Confirmed,Confirmed identification,Shore,Shore-based evidence,Unknown,FALSE,NA,Unknown outcome,Whale-watching vessel,Research or whale-watching,Atlantic Ocean - North,Atlantic Ocean,NA,Exact date,2006,2006,2006,Exact date,2000s,TRUE,FALSE,TRUE,FALSE,FALSE
367,1976-02-05T00:00:00Z,"May 02, 1976",Arctic Ocean,"Pt. Hope, Alaska",Balaena mysticetus,bowhead whale,Confirmed,Shore,NA,NA,Harvested during Alaskan Eskimo whaling. Photographs in reference paper.,Not known,Balaena mysticetus,Identified to species,Balaena mysticetus,Confirmed,Confirmed identification,Shore,Shore-based evidence,Unknown,FALSE,NA,Unknown outcome,Unknown,Unknown,Arctic Ocean,Arctic Ocean,"may 02, 1976",Exact date,1976,1976,1976,Exact date,1970s,TRUE,FALSE,TRUE,FALSE,FALSE
368,1987-05-08T00:00:00Z,NA,Arctic Ocean,"Wainwright, Alaska",Balaena mysticetus,bowhead whale,Confirmed,Shore,NA,NA,Harvested during Alaskan Eskimo whaling. Photograph in the reference paper.,Not known,Balaena mysticetus,Identified to species,Balaena mysticetus,Confirmed,Confirmed identification,Shore,Shore-based evidence,Unknown,FALSE,NA,Unknown outcome,Unknown,Unknown,Arctic Ocean,Arctic Ocean,NA,Exact date,1987,1987,1987,Exact date,1980s,TRUE,FALSE,TRUE,FALSE,FALSE
369,2001-06-18T00:00:00Z,NA,Atlantic Ocean - North,"Long Island, New York, U.S. east coast",Eubalaena glacialis,North Atlantic right whale,Confirmed,Shore,NA,NA,See Cole et al. (2007); Nelson et al. (2007),Not known,Eubalaena glacialis,Identified to species,Eubalaena glacialis,Confirmed,Confirmed identification,Shore,Shore-based evidence,Unknown,FALSE,NA,Unknown outcome,Unknown,Unknown,Atlantic Ocean - North,Atlantic Ocean,NA,Exact date,2001,2001,2001,Exact date,2000s,TRUE,FALSE,TRUE,FALSE,FALSE
370,2003-10-02T00:00:00Z,NA,Atlantic Ocean - North,"Digby, southwestern Nova Scotia, Canada east coast",Eubalaena glacialis,North Atlantic right whale,Confirmed,Shore,NA,NA,Tentative location. Individual Nº 2150. See Nelson et al. (2007),Whale whatching vessel,Eubalaena glacialis,Identified to species,Eubalaena glacialis,Confirmed,Confirmed identification,Shore,Shore-based evidence,Unknown,FALSE,NA,Unknown outcome,Whale-watching vessel,Research or whale-watching,Atlantic Ocean - North,Atlantic Ocean,NA,Exact date,2003,2003,2003,Exact date,2000s,TRUE,FALSE,TRUE,FALSE,FALSE
371,2001-01-25T00:00:00Z,NA,Atlantic Ocean - North,"Avon, North Carolina, U.S. east coast",Megaptera novaeangliae,humpback whale,Confirmed,Shore,NA,NA,Not confirmed stranding. See Nelson et al. (2007),Not known,Megaptera novaeangliae,Identified to species,Megaptera novaeangliae,Confirmed,Confirmed identification,Shore,Shore-based evidence,Unknown,FALSE,NA,Unknown outcome,Unknown,Unknown,Atlantic Ocean - North,Atlantic Ocean,NA,Exact date,2001,2001,2001,Exact date,2000s,TRUE,FALSE,TRUE,FALSE,FALSE
372,2001-04-08T00:00:00Z,NA,Atlantic Ocean - North,"Myrtle Beach, South Carolina, U.S. east coast",Megaptera novaeangliae,humpback whale,Confirmed,Shore,NA,NA,Pre-mortem evidence of chronic line entanglement; no gear recovered; see Nelson et al. (2007),Not known,Megaptera novaeangliae,Identified to species,Megaptera novaeangliae,Confirmed,Confirmed identification,Shore,Shore-based evidence,Unknown,FALSE,NA,Unknown outcome,Unknown,Unknown,Atlantic Ocean - North,Atlantic Ocean,NA,Exact date,2001,2001,2001,Exact date,2000s,TRUE,FALSE,TRUE,FALSE,FALSE
373,1996-10-20T00:00:00Z,NA,Atlantic Ocean - Gulf of Mexico,US Gulf coast,Balaenoptera physalus,fin whale,Confirmed,Shore,NA,NA,NA,Not known,Balaenoptera physalus,Identified to species,Balaenoptera physalus,Confirmed,Confirmed identification,Shore,Shore-based evidence,Unknown,FALSE,NA,Unknown outcome,Unknown,Unknown,Atlantic Ocean - Gulf of Mexico,Atlantic Ocean,NA,Exact date,1996,1996,1996,Exact date,1990s,TRUE,FALSE,TRUE,FALSE,FALSE
374,2001-10-01T00:00:00Z,NA,Atlantic Ocean - North,"Duxbury Beach, Massachusetts, U.S. east coast",Megaptera novaeangliae,humpback whale,Confirmed,Shore,NA,NA,"Position not available. 3 yr old ""Pitfal"". See Nelson et al. (2007).",Not known,Megaptera novaeangliae,Identified to species,Megaptera novaeangliae,Confirmed,Confirmed identification,Shore,Shore-based evidence,Unknown,FALSE,NA,Unknown outcome,Unknown,Unknown,Atlantic Ocean - North,Atlantic Ocean,NA,Exact date,2001,2001,2001,Exact date,2000s,TRUE,FALSE,TRUE,FALSE,FALSE
375,2002-08-01T00:00:00Z,NA,Atlantic Ocean - North,"Long Island, New York, U.S. east coast",Megaptera novaeangliae,humpback whale,Confirmed,Shore,NA,NA,"Position not available, see Nelson et al. (2007)",Not known,Megaptera novaeangliae,Identified to species,Megaptera novaeangliae,Confirmed,Confirmed identification,Shore,Shore-based evidence,Unknown,FALSE,NA,Unknown outcome,Unknown,Unknown,Atlantic Ocean - North,Atlantic Ocean,NA,Exact date,2002,2002,2002,Exact date,2000s,TRUE,FALSE,TRUE,FALSE,FALSE
376,2003-06-06T00:00:00Z,NA,Atlantic Ocean - North,"Chesapeake Bay mouth, Virginia, U.S. east coast",Megaptera novaeangliae,humpback whale,Confirmed,Shore,NA,NA,"Position not available, tentative position see Nelson et al. (2007)",Not known,Megaptera novaeangliae,Identified to species,Megaptera novaeangliae,Confirmed,Confirmed identification,Shore,Shore-based evidence,Unknown,FALSE,NA,Unknown outcome,Unknown,Unknown,Atlantic Ocean - North,Atlantic Ocean,NA,Exact date,2003,2003,2003,Exact date,2000s,TRUE,FALSE,TRUE,FALSE,FALSE
377,2001-01-02T00:00:00Z,NA,Atlantic Ocean - North,"New York harbor, U.S. east coast",Balaenoptera physalus,fin whale,Confirmed,Shore,NA,NA,"Position not available, see Nelson et al. (2007)",Not known,Balaenoptera physalus,Identified to species,Balaenoptera physalus,Confirmed,Confirmed identification,Shore,Shore-based evidence,Unknown,FALSE,NA,Unknown outcome,Unknown,Unknown,Atlantic Ocean - North,Atlantic Ocean,NA,Exact date,2001,2001,2001,Exact date,2000s,TRUE,FALSE,TRUE,FALSE,FALSE
378,2005-04-03T00:00:00Z,NA,Atlantic Ocean - North,"Southamptom, New York, U.S. east coast",Balaenoptera physalus,fin whale,Confirmed,Shore,NA,NA,Position not available in Nelson et al. (2007),Not known,Balaenoptera physalus,Identified to species,Balaenoptera physalus,Confirmed,Confirmed identification,Shore,Shore-based evidence,Unknown,FALSE,NA,Unknown outcome,Unknown,Unknown,Atlantic Ocean - North,Atlantic Ocean,NA,Exact date,2005,2005,2005,Exact date,2000s,TRUE,FALSE,TRUE,FALSE,FALSE
379,2005-08-23T00:00:00Z,NA,Atlantic Ocean - North,"Port Elizabeth, New Jersey, U.S. east coast",Balaenoptera physalus,fin whale,Confirmed,Shore,NA,NA,"Tentative position, see Nelson et al. (2007)",Not known,Balaenoptera physalus,Identified to species,Balaenoptera physalus,Confirmed,Confirmed identification,Shore,Shore-based evidence,Unknown,FALSE,NA,Unknown outcome,Unknown,Unknown,Atlantic Ocean - North,Atlantic Ocean,NA,Exact date,2005,2005,2005,Exact date,2000s,TRUE,FALSE,TRUE,FALSE,FALSE
380,2005-09-11T00:00:00Z,NA,Atlantic Ocean - North,"Bonne Esperance, Quebec, Canada east coast",Balaenoptera physalus,fin whale,Confirmed,Shore,NA,NA,"Position not available, see Nelson et al. (2007)",Not known,Balaenoptera physalus,Identified to species,Balaenoptera physalus,Confirmed,Confirmed identification,Shore,Shore-based evidence,Unknown,FALSE,NA,Unknown outcome,Unknown,Unknown,Atlantic Ocean - North,Atlantic Ocean,NA,Exact date,2005,2005,2005,Exact date,2000s,TRUE,FALSE,TRUE,FALSE,FALSE
381,2001-05-02T00:00:00Z,NA,Atlantic Ocean - North,"New York harbor, U.S. east coast",Balaenoptera borealis,sei whale,Confirmed,Shore,NA,NA,Location not available,Not known,Balaenoptera borealis,Identified to species,Balaenoptera borealis,Confirmed,Confirmed identification,Shore,Shore-based evidence,Unknown,FALSE,NA,Unknown outcome,Unknown,Unknown,Atlantic Ocean - North,Atlantic Ocean,NA,Exact date,2001,2001,2001,Exact date,2000s,TRUE,FALSE,TRUE,FALSE,FALSE
382,2003-02-19T00:00:00Z,NA,Atlantic Ocean - North,"Norfolk, Virginia, U.S. east coast",Balaenoptera borealis,sei whale,Confirmed,Shore,NA,NA,"""Towed ashore"" origin of carcass suggested by position offered by Nelson et al. (2006). This record possibly corresponds to Specimen at Sea form, but information on lesions and body length suggests the animal was towed ashore",Not known,Balaenoptera borealis,Identified to species,Balaenoptera borealis,Confirmed,Confirmed identification,Shore,Shore-based evidence,Unknown,FALSE,NA,Unknown outcome,Unknown,Unknown,Atlantic Ocean - North,Atlantic Ocean,NA,Exact date,2003,2003,2003,Exact date,2000s,TRUE,FALSE,TRUE,FALSE,FALSE
383,2004-06-01T00:00:00Z,NA,Atlantic Ocean - North,"Chattam, Massachusetts, U.S. east coast",Balaenoptera acutorostrata,Common minke whale,Confirmed,Shore,NA,NA,NA,Not known,Balaenoptera acutorostrata,Identified to species,Balaenoptera acutorostrata,Confirmed,Confirmed identification,Shore,Shore-based evidence,Unknown,FALSE,NA,Unknown outcome,Unknown,Unknown,Atlantic Ocean - North,Atlantic Ocean,NA,Exact date,2004,2004,2004,Exact date,2000s,TRUE,FALSE,TRUE,FALSE,FALSE
384,2005-05-23T00:00:00Z,NA,Atlantic Ocean - North,"Port Elizabeth, New Jersey, U.S. east coast",Balaenoptera acutorostrata,Common minke whale,Confirmed,Shore,NA,NA,No more information offered by Nelson et al. (2007),Not known,Balaenoptera acutorostrata,Identified to species,Balaenoptera acutorostrata,Confirmed,Confirmed identification,Shore,Shore-based evidence,Unknown,FALSE,NA,Unknown outcome,Unknown,Unknown,Atlantic Ocean - North,Atlantic Ocean,NA,Exact date,2005,2005,2005,Exact date,2000s,TRUE,FALSE,TRUE,FALSE,FALSE
385,1996-01-18T00:00:00Z,NA,Pacific Ocean - North,"Nanakuli, Oahu Island, Hawaii",Megaptera novaeangliae,humpback whale,Confirmed,Shore,NA,NA,Mazzuca et al. (1998) cited by Lammers et al. (2003),Not known,Megaptera novaeangliae,Identified to species,Megaptera novaeangliae,Confirmed,Confirmed identification,Shore,Shore-based evidence,Unknown,FALSE,NA,Unknown outcome,Unknown,Unknown,Pacific Ocean - North,Pacific Ocean,NA,Exact date,1996,1996,1996,Exact date,1990s,TRUE,FALSE,TRUE,FALSE,FALSE
386,1999-10-02T00:00:00Z,"April 10, 1999",Atlantic Ocean - North,"Virginia Beach, Virginia, U.S. east coast",Balaenoptera physalus,fin whale,Confirmed,Shore,NA,NA,Tentative position,Not known,Balaenoptera physalus,Identified to species,Balaenoptera physalus,Confirmed,Confirmed identification,Shore,Shore-based evidence,Unknown,FALSE,NA,Unknown outcome,Unknown,Unknown,Atlantic Ocean - North,Atlantic Ocean,"april 10, 1999",Exact date,1999,1999,1999,Exact date,1990s,TRUE,FALSE,TRUE,FALSE,FALSE
387,1999-11-05T00:00:00Z,NA,Atlantic Ocean - North,"Elizabeth, New Jersey, U.S. east coast",Balaenoptera physalus,fin whale,Confirmed,Shore,NA,NA,Tentative location,Not known,Balaenoptera physalus,Identified to species,Balaenoptera physalus,Confirmed,Confirmed identification,Shore,Shore-based evidence,Unknown,FALSE,NA,Unknown outcome,Unknown,Unknown,Atlantic Ocean - North,Atlantic Ocean,NA,Exact date,1999,1999,1999,Exact date,1990s,TRUE,FALSE,TRUE,FALSE,FALSE
388,1999-12-11T00:00:00Z,NA,Atlantic Ocean - North,"New York harbor, U.S. east coast",Balaenoptera physalus,fin whale,Confirmed,Shore,NA,NA,Location not indicated precisely,Not known,Balaenoptera physalus,Identified to species,Balaenoptera physalus,Confirmed,Confirmed identification,Shore,Shore-based evidence,Unknown,FALSE,NA,Unknown outcome,Unknown,Unknown,Atlantic Ocean - North,Atlantic Ocean,NA,Exact date,1999,1999,1999,Exact date,1990s,TRUE,FALSE,TRUE,FALSE,FALSE
389,NA,October 1993,Atlantic Ocean - South,"Rio Grande do Sul, Brazil",Eubalaena australis,southern right whale,Confirmed,Shore,NA,NA,NA,Not known,Eubalaena australis,Identified to species,Eubalaena australis,Confirmed,Confirmed identification,Shore,Shore-based evidence,Unknown,FALSE,NA,Unknown outcome,Unknown,Unknown,Atlantic Ocean - South,Atlantic Ocean,october 1993,Descriptive year,1993,1993,1993,Descriptive date,1990s,TRUE,FALSE,TRUE,FALSE,FALSE
390,NA,April 2005 (Easter weekend),Atlantic Ocean - North,"Sandbridge section of Virginia Beach, U.S. east coast",Balaenoptera physalus,fin whale,Confirmed,Shore,NA,NA,"Tentative position, no exact date offered. See http://www.wavy.com/Global/story.asp?S=3229159&nav=23iiYpTX. Ask for Mark Swingle, Virginia Aquarium & Marine Science Center, quoted in the reference article. Photograph included in reference.",Not known,Balaenoptera physalus,Identified to species,Balaenoptera physalus,Confirmed,Confirmed identification,Shore,Shore-based evidence,Unknown,FALSE,NA,Unknown outcome,Unknown,Unknown,Atlantic Ocean - North,Atlantic Ocean,april 2005 (easter weekend),Descriptive year,2005,2005,2005,Descriptive date,2000s,TRUE,FALSE,TRUE,FALSE,FALSE
391,2006-09-28T00:00:00Z,NA,Atlantic Ocean - North,"Wildwood Crest, New Jersey, U.S. east coast",Megaptera novaeangliae,humpback whale,Confirmed,Shore,NA,NA,"Tentative location. Contact Robert Schoelkopf, director of the Marine Mammal Stranding Center in Brigantine, New Jersey. Http://www.underwatertimes.com/news.php?article_id=93701862451",Not known,Megaptera novaeangliae,Identified to species,Megaptera novaeangliae,Confirmed,Confirmed identification,Shore,Shore-based evidence,Unknown,FALSE,NA,Unknown outcome,Unknown,Unknown,Atlantic Ocean - North,Atlantic Ocean,NA,Exact date,2006,2006,2006,Exact date,2000s,TRUE,FALSE,TRUE,FALSE,FALSE
392,NA,1989,Atlantic Ocean - North,"Rio Grande do Sul, Brazil",Eubalaena australis,southern right whale,Confirmed,Shore,NA,NA,NA,Not known,Eubalaena australis,Identified to species,Eubalaena australis,Confirmed,Confirmed identification,Shore,Shore-based evidence,Unknown,FALSE,NA,Unknown outcome,Unknown,Unknown,Atlantic Ocean - North,Atlantic Ocean,1989,Descriptive year,1989,1989,1989,Descriptive date,1980s,TRUE,FALSE,TRUE,FALSE,FALSE
393,1988-10-03T00:00:00Z,NA,Pacific Ocean - South,"Saunders beach, Queensland, Australia",Sousa chinensis,Indo-Pacific humpback dolphin,Confirmed,Shore,NA,NA,"Gill Slocum and Phillip Tracey, Gov. Australia",Not known,Sousa chinensis,Identified to species,Sousa chinensis,Confirmed,Confirmed identification,Shore,Shore-based evidence,Unknown,FALSE,NA,Unknown outcome,Unknown,Unknown,Pacific Ocean - South,Pacific Ocean,NA,Exact date,1988,1988,1988,Exact date,1980s,TRUE,FALSE,TRUE,FALSE,FALSE
394,2006-08-19T00:00:00Z,NA,Atlantic Ocean - North,Canada,NA,Unidentified large whale,Tentative,Shore,NA,NA,"Tentative position. Reporter indicated humpback whale, but photograph included in reference does not show clearly the whale. Northern right whale suspected due to short flipper length showed.",Not known,NA,Missing scientific name,NA,Tentative,Not confirmed or missing,Shore,Shore-based evidence,Unknown,FALSE,NA,Unknown outcome,Unknown,Unknown,Atlantic Ocean - North,Atlantic Ocean,NA,Exact date,2006,2006,2006,Exact date,2000s,FALSE,FALSE,FALSE,FALSE,FALSE
395,2001-07-23T00:00:00Z,NA,NA,NA,Eubalaena australis,southern right whale,Confirmed,Shore,NA,NA,Specimen in South Australia Museum. Source: Gill Slocum and Phillip Tracey (Gov. Australia),Not known,Eubalaena australis,Identified to species,Eubalaena australis,Confirmed,Confirmed identification,Shore,Shore-based evidence,Unknown,FALSE,NA,Unknown outcome,Unknown,Unknown,Unknown,Unknown,NA,Exact date,2001,2001,2001,Exact date,2000s,TRUE,FALSE,TRUE,FALSE,FALSE
396,1991-07-07T00:00:00Z,NA,Atlantic Ocean - North,"Tenerife Island, Canary Islands, Spain",Physeter macrocephalus,sperm whale,Confirmed,Shore,NA,NA,Tentative position,Not known,Physeter macrocephalus,Identified to species,Physeter macrocephalus,Confirmed,Confirmed identification,Shore,Shore-based evidence,Unknown,FALSE,NA,Unknown outcome,Unknown,Unknown,Atlantic Ocean - North,Atlantic Ocean,NA,Exact date,1991,1991,1991,Exact date,1990s,TRUE,FALSE,TRUE,FALSE,FALSE
397,1992-05-30T00:00:00Z,NA,Atlantic Ocean - North,"Tenerife Island, Canary Islands, Spain",Ziphius cavirostris,Cuvier's beaked whale,Confirmed,Shore,NA,NA,Tentative location,Not known,Ziphius cavirostris,Identified to species,Ziphius cavirostris,Confirmed,Confirmed identification,Shore,Shore-based evidence,Unknown,FALSE,NA,Unknown outcome,Unknown,Unknown,Atlantic Ocean - North,Atlantic Ocean,NA,Exact date,1992,1992,1992,Exact date,1990s,TRUE,FALSE,TRUE,FALSE,FALSE
398,1995-07-12T00:00:00Z,NA,Atlantic Ocean - North,"Tenerife Island, Canary Islands, Spain",Physeter macrocephalus,sperm whale,Confirmed,Shore,NA,NA,Tentative location,Not known,Physeter macrocephalus,Identified to species,Physeter macrocephalus,Confirmed,Confirmed identification,Shore,Shore-based evidence,Unknown,FALSE,NA,Unknown outcome,Unknown,Unknown,Atlantic Ocean - North,Atlantic Ocean,NA,Exact date,1995,1995,1995,Exact date,1990s,TRUE,FALSE,TRUE,FALSE,FALSE
399,1999-08-04T00:00:00Z,NA,Atlantic Ocean - North,"Tenerife Island, Canary Islands, Spain",Physeter macrocephalus,sperm whale,Confirmed,Shore,NA,NA,Tentative location,Not known,Physeter macrocephalus,Identified to species,Physeter macrocephalus,Confirmed,Confirmed identification,Shore,Shore-based evidence,Unknown,FALSE,NA,Unknown outcome,Unknown,Unknown,Atlantic Ocean - North,Atlantic Ocean,NA,Exact date,1999,1999,1999,Exact date,1990s,TRUE,FALSE,TRUE,FALSE,FALSE
400,1999-08-06T00:00:00Z,NA,Atlantic Ocean - North,"Tenerife Island, Canary Islands, Spain",Physeter macrocephalus,sperm whale,Confirmed,Shore,NA,NA,Lactating. Tentative location,Not known,Physeter macrocephalus,Identified to species,Physeter macrocephalus,Confirmed,Confirmed identification,Shore,Shore-based evidence,Unknown,FALSE,NA,Unknown outcome,Unknown,Unknown,Atlantic Ocean - North,Atlantic Ocean,NA,Exact date,1999,1999,1999,Exact date,1990s,TRUE,FALSE,TRUE,FALSE,FALSE
401,2000-09-06T00:00:00Z,NA,Atlantic Ocean - North,"Tenerife Island, Canary Islands, Spain",Ziphius cavirostris,Cuvier's beaked whale,Confirmed,Shore,NA,NA,Tentative location,Not known,Ziphius cavirostris,Identified to species,Ziphius cavirostris,Confirmed,Confirmed identification,Shore,Shore-based evidence,Unknown,FALSE,NA,Unknown outcome,Unknown,Unknown,Atlantic Ocean - North,Atlantic Ocean,NA,Exact date,2000,2000,2000,Exact date,2000s,TRUE,FALSE,TRUE,FALSE,FALSE
402,2000-06-11T00:00:00Z,NA,Atlantic Ocean - North,"Tenerife Island, Canary Islands, Spain",Physeter macrocephalus,sperm whale,Confirmed,Shore,NA,NA,Tentative location,Not known,Physeter macrocephalus,Identified to species,Physeter macrocephalus,Confirmed,Confirmed identification,Shore,Shore-based evidence,Unknown,FALSE,NA,Unknown outcome,Unknown,Unknown,Atlantic Ocean - North,Atlantic Ocean,NA,Exact date,2000,2000,2000,Exact date,2000s,TRUE,FALSE,TRUE,FALSE,FALSE
403,2001-08-21T00:00:00Z,NA,Atlantic Ocean - North,"Tenerife Island, Canary Islands, Spain",Physeter macrocephalus,sperm whale,Confirmed,Shore,NA,NA,Tentative location,Not known,Physeter macrocephalus,Identified to species,Physeter macrocephalus,Confirmed,Confirmed identification,Shore,Shore-based evidence,Unknown,FALSE,NA,Unknown outcome,Unknown,Unknown,Atlantic Ocean - North,Atlantic Ocean,NA,Exact date,2001,2001,2001,Exact date,2000s,TRUE,FALSE,TRUE,FALSE,FALSE
404,2001-09-23T00:00:00Z,NA,Atlantic Ocean - North,"Tenerife Island, Canary Islands, Spain",Physeter macrocephalus,sperm whale,Confirmed,Shore,NA,NA,Tentative location,Not known,Physeter macrocephalus,Identified to species,Physeter macrocephalus,Confirmed,Confirmed identification,Shore,Shore-based evidence,Unknown,FALSE,NA,Unknown outcome,Unknown,Unknown,Atlantic Ocean - North,Atlantic Ocean,NA,Exact date,2001,2001,2001,Exact date,2000s,TRUE,FALSE,TRUE,FALSE,FALSE
405,2002-02-09T00:00:00Z,NA,Atlantic Ocean - North,"Tenerife Island, Canary Islands, Spain",Kogia breviceps,pygmy sperm whale,Confirmed,Shore,NA,NA,Tentative location,Not known,Kogia breviceps,Identified to species,Kogia breviceps,Confirmed,Confirmed identification,Shore,Shore-based evidence,Unknown,FALSE,NA,Unknown outcome,Unknown,Unknown,Atlantic Ocean - North,Atlantic Ocean,NA,Exact date,2002,2002,2002,Exact date,2000s,TRUE,FALSE,TRUE,FALSE,FALSE
406,NA,reported on 10 Jan 2006,Atlantic Ocean - North,"Jacksonville, Florida, US East coast",Eubalaena glacialis,North Atlantic right whale,Confirmed,Shore,NA,NA,"News from NOAA, Release 11 January 2006",Not known,Eubalaena glacialis,Identified to species,Eubalaena glacialis,Confirmed,Confirmed identification,Shore,Shore-based evidence,Unknown,FALSE,NA,Unknown outcome,Unknown,Unknown,Atlantic Ocean - North,Atlantic Ocean,reported on 10 jan 2006,Reporting date only,NA,NA,NA,No single usable year,NA,TRUE,FALSE,TRUE,FALSE,FALSE
407,2006-12-05T00:00:00Z,NA,Indian Ocean,"Gage Roads near Fremantle, Australia",B.m. brevicauda,Pygmy blue whale,Confirmed,Shore,NA,NA,"C. Jenner/CWR , C. Salgado-Kent/Curtin University",Not known,B.m. brevicauda,Unresolved abbreviation,NA,Confirmed,Confirmed identification,Shore,Shore-based evidence,Unknown,FALSE,NA,Unknown outcome,Unknown,Unknown,Indian Ocean,Indian Ocean,NA,Exact date,2006,2006,2006,Exact date,2000s,FALSE,FALSE,FALSE,FALSE,FALSE
408,2006-03-05T00:00:00Z,NA,Atlantic Ocean - North Sea,"North Sea (southern), Belgian coast, Oostende",Megaptera novaeangliae,humpback whale,Confirmed,Shore,NA,NA,Jan Haelters and T. Jauniaux (MUMM),Not known,Megaptera novaeangliae,Identified to species,Megaptera novaeangliae,Confirmed,Confirmed identification,Shore,Shore-based evidence,Unknown,FALSE,NA,Unknown outcome,Unknown,Unknown,Atlantic Ocean - North Sea,Atlantic Ocean,NA,Exact date,2006,2006,2006,Exact date,2000s,TRUE,FALSE,TRUE,FALSE,FALSE
409,2004-12-19T00:00:00Z,NA,Atlantic Ocean - North,"Bethany Beach, Delaware, USA",Megaptera novaeangliae,humpback whale,Confirmed,Shore,NA,NA,Reported in BCWP10 (IWC/59),Not known,Megaptera novaeangliae,Identified to species,Megaptera novaeangliae,Confirmed,Confirmed identification,Shore,Shore-based evidence,Unknown,FALSE,NA,Unknown outcome,Unknown,Unknown,Atlantic Ocean - North,Atlantic Ocean,NA,Exact date,2004,2004,2004,Exact date,2000s,TRUE,FALSE,TRUE,FALSE,FALSE
410,2004-02-24T00:00:00Z,NA,Atlantic Ocean - North,"Port Elizabeth, New Jersey, USA",Balaenoptera physalus,fin whale,Confirmed,Shore,NA,NA,Reported in BCWP10 (IWC/59),Not known,Balaenoptera physalus,Identified to species,Balaenoptera physalus,Confirmed,Confirmed identification,Shore,Shore-based evidence,Unknown,FALSE,NA,Unknown outcome,Unknown,Unknown,Atlantic Ocean - North,Atlantic Ocean,NA,Exact date,2004,2004,2004,Exact date,2000s,TRUE,FALSE,TRUE,FALSE,FALSE
411,2004-09-26T00:00:00Z,NA,Atlantic Ocean - North,"St Johns, New Brunswick, Canada",Balaenoptera physalus,fin whale,Confirmed,Shore,NA,NA,Reported in BCWP10 (IWC/59),Not known,Balaenoptera physalus,Identified to species,Balaenoptera physalus,Confirmed,Confirmed identification,Shore,Shore-based evidence,Unknown,FALSE,NA,Unknown outcome,Unknown,Unknown,Atlantic Ocean - North,Atlantic Ocean,NA,Exact date,2004,2004,2004,Exact date,2000s,TRUE,FALSE,TRUE,FALSE,FALSE
412,2006-12-31T00:00:00Z,NA,Pacific Ocean - South,"Hauraki Gulf, New Zealand",Balaenoptera omurai,Omura’s whale,Confirmed,Shore,NA,NA,"K. McLead / DOC, New Zealand reported in BCWP10 (IWC/59)",Not known,Balaenoptera omurai,Identified to species,Balaenoptera omurai,Confirmed,Confirmed identification,Shore,Shore-based evidence,Unknown,FALSE,NA,Unknown outcome,Unknown,Unknown,Pacific Ocean - South,Pacific Ocean,NA,Exact date,2006,2006,2006,Exact date,2000s,TRUE,FALSE,TRUE,FALSE,FALSE
413,2007-09-21T00:00:00Z,NA,Pacific Ocean - North,"Ventura County, Pt. Mugu, California, US West coast",Balaenoptera musculus,blue whale,Confirmed,Shore,NA,NA,Taken from Santa Barbara Natural History Museum web page,Not known,Balaenoptera musculus,Identified to species,Balaenoptera musculus,Confirmed,Confirmed identification,Shore,Shore-based evidence,Unknown,FALSE,NA,Unknown outcome,Unknown,Unknown,Pacific Ocean - North,Pacific Ocean,NA,Exact date,2007,2007,2007,Exact date,2000s,TRUE,FALSE,TRUE,FALSE,FALSE
414,2007-09-11T00:00:00Z,NA,Pacific Ocean - North,"Ventura County, Hobson County Beach Park, California, US West coast",Balaenoptera musculus,blue whale,Confirmed,Shore,NA,NA,Source: Santa Barbara Natural History Museum web page. Tentative geographic position,Not known,Balaenoptera musculus,Identified to species,Balaenoptera musculus,Confirmed,Confirmed identification,Shore,Shore-based evidence,Unknown,FALSE,NA,Unknown outcome,Unknown,Unknown,Pacific Ocean - North,Pacific Ocean,NA,Exact date,2007,2007,2007,Exact date,2000s,TRUE,FALSE,TRUE,FALSE,FALSE
415,1995-07-27T00:00:00Z,NA,Atlantic Ocean - South,"Mouille Point, Cape Town, South Africa",Megaptera novaeangliae,humpback whale,Confirmed,Shore,NA,NA,Published in Best (2007),Not known,Megaptera novaeangliae,Identified to species,Megaptera novaeangliae,Confirmed,Confirmed identification,Shore,Shore-based evidence,Unknown,FALSE,NA,Unknown outcome,Unknown,Unknown,Atlantic Ocean - South,Atlantic Ocean,NA,Exact date,1995,1995,1995,Exact date,1990s,TRUE,FALSE,TRUE,FALSE,FALSE
416,1992-04-21T00:00:00Z,NA,Pacific Ocean - South,"Waikawau Bay, Hauraki Gulf, New Zealand",Mesoplodon hectori,Hector's beaked whale,Confirmed,Shore,NA,NA,"Reported by New Zealand Whale Stranding Database (Van Waerebeek et al., 2007)",Not known,Mesoplodon hectori,Identified to species,Mesoplodon hectori,Confirmed,Confirmed identification,Shore,Shore-based evidence,Unknown,FALSE,NA,Unknown outcome,Unknown,Unknown,Pacific Ocean - South,Pacific Ocean,NA,Exact date,1992,1992,1992,Exact date,1990s,TRUE,FALSE,TRUE,FALSE,FALSE
417,1999-01-26T00:00:00Z,NA,Pacific Ocean - South,"Akaroa Harbour, Banks Peninsula, Canterbury, New Zealand",Cephalorhynchus hectori,Hector's dolphin,Confirmed,Shore,NA,NA,"Al Hutt, Dept. of Conservation, Duvauchelles, New Zealand, pers. comm. to Alan Baker, Dec 2005 (cited in Van Waerebeek et al. 2007)",Not known,Cephalorhynchus hectori,Identified to species,Cephalorhynchus hectori,Confirmed,Confirmed identification,Shore,Shore-based evidence,Unknown,FALSE,NA,Unknown outcome,Unknown,Unknown,Pacific Ocean - South,Pacific Ocean,NA,Exact date,1999,1999,1999,Exact date,1990s,TRUE,FALSE,TRUE,FALSE,FALSE
418,1999-01-27T00:00:00Z,NA,Pacific Ocean - South,"Akaroa Harbour, Banks Peninsula, Canterbury, New Zealand",Cephalorhynchus hectori,Hector's dolphin,Confirmed,Shore,NA,NA,"Al Hutt, Dept. of Conservation, Duvauchelles, New Zealand, pers. comm. to Alan Baker, Dec 2005 (cited in Van Waerebeek, 2007)",Not known,Cephalorhynchus hectori,Identified to species,Cephalorhynchus hectori,Confirmed,Confirmed identification,Shore,Shore-based evidence,Unknown,FALSE,NA,Unknown outcome,Unknown,Unknown,Pacific Ocean - South,Pacific Ocean,NA,Exact date,1999,1999,1999,Exact date,1990s,TRUE,FALSE,TRUE,FALSE,FALSE
419,2007-11-01T00:00:00Z,November 2007,Atlantic Ocean - North,"Cornwall, United Kingdom",Balaenoptera acutorostrata,Common minke whale,Confirmed,Shore,NA,NA,NA,Not known,Balaenoptera acutorostrata,Identified to species,Balaenoptera acutorostrata,Confirmed,Confirmed identification,Shore,Shore-based evidence,Unknown,FALSE,NA,Unknown outcome,Unknown,Unknown,Atlantic Ocean - North,Atlantic Ocean,november 2007,Exact date,2007,2007,2007,Exact date,2000s,TRUE,FALSE,TRUE,FALSE,FALSE
420,2006-03-01T00:00:00Z,March 2003,Atlantic Ocean - North Sea,Belgium,Megaptera novaeangliae,humpback whale,Confirmed,Shore,NA,NA,"""After examination it became clear that this animal died from a ship strike.""",Not known,Megaptera novaeangliae,Identified to species,Megaptera novaeangliae,Confirmed,Confirmed identification,Shore,Shore-based evidence,Unknown,FALSE,NA,Unknown outcome,Unknown,Unknown,Atlantic Ocean - North Sea,Atlantic Ocean,march 2003,Exact date,2006,2006,2006,Exact date,2000s,TRUE,FALSE,TRUE,FALSE,FALSE
421,2004-11-24T00:00:00Z,NA,Atlantic Ocean - North,"Ocean sands, North Carolina, USA",Eubalaena glacialis,North Atlantic right whale,Confirmed,Shore,NA,NA,Tim Cole NEFSC Ref Doc 07-05,Not known,Eubalaena glacialis,Identified to species,Eubalaena glacialis,Confirmed,Confirmed identification,Shore,Shore-based evidence,Unknown,FALSE,NA,Unknown outcome,Unknown,Unknown,Atlantic Ocean - North,Atlantic Ocean,NA,Exact date,2004,2004,2004,Exact date,2000s,TRUE,FALSE,TRUE,FALSE,FALSE
422,2006-08-24T00:00:00Z,NA,Atlantic Ocean - North,"La Rochelle port, France, Bay of Biscay",Balaenoptera physalus,fin whale,Confirmed,Shore,NA,NA,O. Van Canneyt (CRMM/ULR),Not known,Balaenoptera physalus,Identified to species,Balaenoptera physalus,Confirmed,Confirmed identification,Shore,Shore-based evidence,Unknown,FALSE,NA,Unknown outcome,Unknown,Unknown,Atlantic Ocean - North,Atlantic Ocean,NA,Exact date,2006,2006,2006,Exact date,2000s,TRUE,FALSE,TRUE,FALSE,FALSE
423,NA,before 1982,Pacific Ocean - South,"North Island, New Zealand",Orcinus orca,killer whale,Confirmed,At Sea,NA,NA,Probable propeller hit on orca in NZ unique record linked to RM 14,Not known,Orcinus orca,Identified to species,Orcinus orca,Confirmed,Confirmed identification,At sea,At-sea evidence,Unknown,FALSE,NA,Unknown outcome,Unknown,Unknown,Pacific Ocean - South,Pacific Ocean,before 1982,Before specified date,NA,1982,NA,No single usable year,NA,TRUE,FALSE,TRUE,FALSE,FALSE
424,1996-01-21T00:00:00Z,NA,Pacific Ocean - North,"Off Launiupoko, Maui, Hawaii",Megaptera novaeangliae,humpback whale,Confirmed,At Sea,NA,NA,"Sperm whale stranded, with a massive wound in left flank, Central Peru Tentative position, whale presumed dead shortly after sighting. Reported by Osmond and Kaufman (1999), the Honolulu Advertiser and Maui News. Cited by Lammers et al. (2003).",Not known,Megaptera novaeangliae,Identified to species,Megaptera novaeangliae,Confirmed,Confirmed identification,At sea,At-sea evidence,Unknown,FALSE,NA,Unknown outcome,Unknown,Unknown,Pacific Ocean - North,Pacific Ocean,NA,Exact date,1996,1996,1996,Exact date,1990s,TRUE,FALSE,TRUE,FALSE,FALSE
425,1976-11-05T00:00:00Z,NA,Atlantic Ocean - North,"Portland, Maine, US East Coast",Eubalaena glacialis,North Atlantic right whale,Confirmed,At Sea,NA,NA,"Northern right whale floating off Portland (USA). Laist et al. 2001 - Knowlton & Kraus 2001 Table 2 in Laist et al (2001). Data from the Cetacean Distributional Database, Smithsonian Institution,Washington, DC.",Not known,Eubalaena glacialis,Identified to species,Eubalaena glacialis,Confirmed,Confirmed identification,At sea,At-sea evidence,Unknown,FALSE,NA,Unknown outcome,Unknown,Unknown,Atlantic Ocean - North,Atlantic Ocean,NA,Exact date,1976,1976,1976,Exact date,1970s,TRUE,FALSE,TRUE,FALSE,FALSE
426,1996-04-18T00:00:00Z,NA,Atlantic Ocean - North,"Delaware River, Penns Grove, New Jersey, US East Coast",Balaenoptera physalus,fin whale,Confirmed,At Sea,NA,NA,"Fin whale floating with masive trauma, Penns Grove, New Jersey, USA. Data from the Cetacean Distributional Database, Smithsonian Institution,Washington, DC, cited by Laist et al (2001, table 2). No position available. Data from the Cetacean Distributional",Not known,Balaenoptera physalus,Identified to species,Balaenoptera physalus,Confirmed,Confirmed identification,At sea,At-sea evidence,Unknown,FALSE,NA,Unknown outcome,Unknown,Unknown,Atlantic Ocean - North,Atlantic Ocean,NA,Exact date,1996,1996,1996,Exact date,1990s,TRUE,FALSE,TRUE,FALSE,FALSE
427,1986-06-23T00:00:00Z,NA,Atlantic Ocean - Mediterranean Sea,"Ligurian Sea, 5 milles off Livorno, Tuscany, Italy",Balaenoptera physalus,fin whale,Confirmed,At Sea,NA,NA,"Fin whale floating with propeller scars, Livorno, Italy. Data from the Centro Studi Cetacei, Museo di Storia Naturale di Milano, Italy cited by Laist et al. (2001) Approximate position. Data from the Centro Studi Cetacei, Museo di Storia Naturale di Mila",Not known,Balaenoptera physalus,Identified to species,Balaenoptera physalus,Confirmed,Confirmed identification,At sea,At-sea evidence,Unknown,FALSE,NA,Unknown outcome,Unknown,Unknown,Atlantic Ocean - Mediterranean Sea,Atlantic Ocean,NA,Exact date,1986,1986,1986,Exact date,1980s,TRUE,FALSE,TRUE,FALSE,FALSE
428,1972-05-07T00:00:00Z,NA,Atlantic Ocean - Mediterranean Sea,"off Calvi, (N Corsica)",Balaenoptera physalus,fin whale,Confirmed,At Sea,NA,NA,"Fin whale hit by a ferry, Mediterrean Sea, Data from the Institut de la Mer et du Littoral, La Rochelle, France, cited by Laist et al. (2001) Approximate position. Data from the Institut de la Mer et du Littoral, La Rochelle, France, cited by Laist et al.",Not known,Balaenoptera physalus,Identified to species,Balaenoptera physalus,Confirmed,Confirmed identification,At sea,At-sea evidence,Unknown,FALSE,NA,Unknown outcome,Unknown,Unknown,Atlantic Ocean - Mediterranean Sea,Atlantic Ocean,NA,Exact date,1972,1972,1972,Exact date,1970s,TRUE,FALSE,TRUE,FALSE,FALSE
429,1974-10-09T00:00:00Z,NA,Atlantic Ocean - Mediterranean Sea,"between Menton and Antibes, France",Balaenoptera physalus,fin whale,Confirmed,At Sea,NA,NA,"Fin whale cut through middle seen floating, Mediterranean Sea, Data from the Institut de la Mer et du Littoral, La Rochelle, France, cited by Laist et al. (2001) Approximate position. Seen floating offshhore for 3 days. Data from the Institut de la Mer et",Not known,Balaenoptera physalus,Identified to species,Balaenoptera physalus,Confirmed,Confirmed identification,At sea,At-sea evidence,Unknown,FALSE,NA,Unknown outcome,Unknown,Unknown,Atlantic Ocean - Mediterranean Sea,Atlantic Ocean,NA,Exact date,1974,1974,1974,Exact date,1970s,TRUE,FALSE,TRUE,FALSE,FALSE
430,1993-09-09T00:00:00Z,NA,Atlantic Ocean - Mediterranean Sea,"St. Tropez, France",Balaenoptera physalus,fin whale,Confirmed,At Sea,NA,NA,"Fin whale hit by ship, floating, Mediterranean Sea. Data from the Institut de la Mer et du Littoral, La Rochelle, France, cited by Laist et al. (2001) Data from the Institut de la Mer et du Littoral, La Rochelle, France, cited by Laist et al. (2001, table",Ferry,Balaenoptera physalus,Identified to species,Balaenoptera physalus,Confirmed,Confirmed identification,At sea,At-sea evidence,Unknown,FALSE,NA,Unknown outcome,Ferry,Passenger or ferry,Atlantic Ocean - Mediterranean Sea,Atlantic Ocean,NA,Exact date,1993,1993,1993,Exact date,1990s,TRUE,FALSE,TRUE,FALSE,FALSE
431,1984-08-02T00:00:00Z,NA,Atlantic Ocean - South,"Jakkalsfontein, South Africa",Eubalaena australis,southern right whale,Confirmed,At Sea,NA,NA,"Southern right whale with major damage, South Africa. Original data from P. Best et al. (2001), cited by Laist et al (2001) Seen from air. South Africa. Original data from P. Best et al. (2001), cited by Laist et al (2001)",Not known,Eubalaena australis,Identified to species,Eubalaena australis,Confirmed,Confirmed identification,At sea,At-sea evidence,Unknown,FALSE,NA,Unknown outcome,Unknown,Unknown,Atlantic Ocean - South,Atlantic Ocean,NA,Exact date,1984,1984,1984,Exact date,1980s,TRUE,FALSE,TRUE,FALSE,FALSE
432,NA,1998,Atlantic Ocean - Mediterranean Sea,"Genova, Italy",Balaenoptera physalus,fin whale,Indeterminate,At Sea,NA,NA,Panigada et al. 2006. Mediterranean fin whales at risk from fatal ship strikes. Panigada et al. 2006,Not known,Balaenoptera physalus,Identified to species,Balaenoptera physalus,Indeterminate,Not confirmed or missing,At sea,At-sea evidence,Unknown,FALSE,NA,Unknown outcome,Unknown,Unknown,Atlantic Ocean - Mediterranean Sea,Atlantic Ocean,1998,Descriptive year,1998,1998,1998,Descriptive date,1990s,TRUE,FALSE,FALSE,FALSE,FALSE
433,NA,1999,Atlantic Ocean - Mediterranean Sea,"Genova, Italy",NA,Unidentified large whale,Indeterminate,At Sea,NA,NA,Panigada et al. 2006. Mediterranean fin whales at risk from fatal ship strikes. Panigada et al. 2006,Not known,NA,Missing scientific name,NA,Indeterminate,Not confirmed or missing,At sea,At-sea evidence,Unknown,FALSE,NA,Unknown outcome,Unknown,Unknown,Atlantic Ocean - Mediterranean Sea,Atlantic Ocean,1999,Descriptive year,1999,1999,1999,Descriptive date,1990s,FALSE,FALSE,FALSE,FALSE,FALSE
434,1976-05-11T00:00:00Z,NA,Atlantic Ocean - North,"East Portland harbor, Maine, US East Coast",Eubalaena glacialis,North Atlantic right whale,Confirmed,At Sea,NA,NA,"Northern right whale floating near Portland Harbor, USA. Knowlton And Kraus (2001) and Laist et al (2001) (Record Index 76) Not retrieved 1",Not known,Eubalaena glacialis,Identified to species,Eubalaena glacialis,Confirmed,Confirmed identification,At sea,At-sea evidence,Unknown,FALSE,NA,Unknown outcome,Unknown,Unknown,Atlantic Ocean - North,Atlantic Ocean,NA,Exact date,1976,1976,1976,Exact date,1970s,TRUE,FALSE,TRUE,FALSE,FALSE
435,1980-08-13T00:00:00Z,NA,Atlantic Ocean - North,"Bay of Fundy, Canada",Eubalaena glacialis,North Atlantic right whale,Confirmed,At Sea,NA,NA,"Northern right whale alive, with propeller injuries, Bay of Fundy. Knowlton and Kraus (2001) Most recently observed Feb. 29, 2000 (Knowlton and Kraus, 2001)",Not known,Eubalaena glacialis,Identified to species,Eubalaena glacialis,Confirmed,Confirmed identification,At sea,At-sea evidence,Unknown,FALSE,NA,Unknown outcome,Unknown,Unknown,Atlantic Ocean - North,Atlantic Ocean,NA,Exact date,1980,1980,1980,Exact date,1980s,TRUE,FALSE,TRUE,FALSE,FALSE
436,1984-08-05T00:00:00Z,NA,Atlantic Ocean - North,"Browns Bank, US East Coast",Eubalaena glacialis,North Atlantic right whale,Confirmed,At Sea,NA,NA,"Northern right whale injured, alive, New Jersey, USA. Knowlton and Kraus (2001) Presumed dead in 1995. Catalogue Nº 1432, Knowlton and Kraus (2001)",Not known,Eubalaena glacialis,Identified to species,Eubalaena glacialis,Confirmed,Confirmed identification,At sea,At-sea evidence,Unknown,FALSE,NA,Unknown outcome,Unknown,Unknown,Atlantic Ocean - North,Atlantic Ocean,NA,Exact date,1984,1984,1984,Exact date,1980s,TRUE,FALSE,TRUE,FALSE,FALSE
437,1987-02-14T00:00:00Z,NA,Atlantic Ocean - North,SE. USA,Eubalaena glacialis,North Atlantic right whale,Confirmed,At Sea,NA,NA,"Northern right whale alive with propeller cuts, south east USA. Knowlton and Kraus (2001) Catalogue Nº 1704, Knowlton and Kraus (2001)",Not known,Eubalaena glacialis,Identified to species,Eubalaena glacialis,Confirmed,Confirmed identification,At sea,At-sea evidence,Unknown,FALSE,NA,Unknown outcome,Unknown,Unknown,Atlantic Ocean - North,Atlantic Ocean,NA,Exact date,1987,1987,1987,Exact date,1980s,TRUE,FALSE,TRUE,FALSE,FALSE
438,1987-08-28T00:00:00Z,NA,Atlantic Ocean - North,Browns Bank,Eubalaena glacialis,North Atlantic right whale,Confirmed,At Sea,NA,NA,"Northern right whale with fluke tip severed, NW Atlantic, Browns Banks. Knowlton and Kraus (2001) Most recently seen on 23 Sep. 2000, Catalogue Nº 1716, Knowlton and Kraus (2001)",Not known,Eubalaena glacialis,Identified to species,Eubalaena glacialis,Confirmed,Confirmed identification,At sea,At-sea evidence,Unknown,FALSE,NA,Unknown outcome,Unknown,Unknown,Atlantic Ocean - North,Atlantic Ocean,NA,Exact date,1987,1987,1987,Exact date,1980s,TRUE,FALSE,TRUE,FALSE,FALSE
439,1991-11-02T00:00:00Z,NA,Atlantic Ocean - North,South east USA,Eubalaena glacialis,North Atlantic right whale,Confirmed,At Sea,NA,NA,"Northern right whale with propeller injuries, Southeast USA, Knowlton and Kraus (2001) Last seen August 31, 2000, Catalogue Nº 2143, Knowlton and Kraus (2001)",Not known,Eubalaena glacialis,Identified to species,Eubalaena glacialis,Confirmed,Confirmed identification,At sea,At-sea evidence,Unknown,FALSE,NA,Unknown outcome,Unknown,Unknown,Atlantic Ocean - North,Atlantic Ocean,NA,Exact date,1991,1991,1991,Exact date,1990s,TRUE,FALSE,TRUE,FALSE,FALSE
440,1995-08-13T00:00:00Z,NA,Atlantic Ocean - North,"Gulf of Maine, US East Coast",Eubalaena glacialis,North Atlantic right whale,Confirmed,At Sea,NA,NA,"Northern right whale alive with propeller cuts, Gulf of Main, USA. Knowlton and Kraus (2001) Poor health status, possibly fatal injuries, uncertain fate. Catalogue 1045, Knowlton and Kraus (2001)",Not known,Eubalaena glacialis,Identified to species,Eubalaena glacialis,Confirmed,Confirmed identification,At sea,At-sea evidence,Unknown,FALSE,NA,Unknown outcome,Unknown,Unknown,Atlantic Ocean - North,Atlantic Ocean,NA,Exact date,1995,1995,1995,Exact date,1990s,TRUE,FALSE,TRUE,FALSE,FALSE
441,1998-01-03T00:00:00Z,NA,Atlantic Ocean - North,"Georgia, US East Coast",Eubalaena glacialis,North Atlantic right whale,Confirmed,At Sea,NA,NA,"Northern right whale with severed fluke by propeller, Georgia. Knowlton and Kraus (2001) One year-old individual. Recently observed at August 31, 2000, Catalogue Nº. 2705, Knowlton and Kraus (2001)",Not known,Eubalaena glacialis,Identified to species,Eubalaena glacialis,Confirmed,Confirmed identification,At sea,At-sea evidence,Unknown,FALSE,NA,Unknown outcome,Unknown,Unknown,Atlantic Ocean - North,Atlantic Ocean,NA,Exact date,1998,1998,1998,Exact date,1990s,TRUE,FALSE,TRUE,FALSE,FALSE
442,1992-07-22T00:00:00Z,NA,Atlantic Ocean - Mediterranean Sea,NA,Balaenoptera physalus,fin whale,Confirmed,At Sea,NA,NA,Panigada et al. 2006. Mediterranean fin whales at risk from fatal ship strikes. Bp 130 Panigada et al. 2006,Not known,Balaenoptera physalus,Identified to species,Balaenoptera physalus,Confirmed,Confirmed identification,At sea,At-sea evidence,Unknown,FALSE,NA,Unknown outcome,Unknown,Unknown,Atlantic Ocean - Mediterranean Sea,Atlantic Ocean,NA,Exact date,1992,1992,1992,Exact date,1990s,TRUE,FALSE,TRUE,FALSE,FALSE
443,1998-09-21T00:00:00Z,NA,Atlantic Ocean - Mediterranean Sea,NA,Balaenoptera physalus,fin whale,Confirmed,At Sea,NA,NA,Panigada et al. 2006. Mediterranean fin whales at risk from fatal ship strikes. Bp 499 Panigada et al. 2006,Not known,Balaenoptera physalus,Identified to species,Balaenoptera physalus,Confirmed,Confirmed identification,At sea,At-sea evidence,Unknown,FALSE,NA,Unknown outcome,Unknown,Unknown,Atlantic Ocean - Mediterranean Sea,Atlantic Ocean,NA,Exact date,1998,1998,1998,Exact date,1990s,TRUE,FALSE,TRUE,FALSE,FALSE
444,1996-06-14T00:00:00Z,NA,Atlantic Ocean - North,"Elisabeth Channel, New Jersey, US East Coast",Balaenoptera physalus,fin whale,Confirmed,At Sea,NA,NA,"Jensen and Silber, 2003. Collisions between ships and whales. adjacent to Maersk Shipping Jensen and Silber 2003",Not known,Balaenoptera physalus,Identified to species,Balaenoptera physalus,Confirmed,Confirmed identification,At sea,At-sea evidence,Unknown,FALSE,NA,Unknown outcome,Unknown,Unknown,Atlantic Ocean - North,Atlantic Ocean,NA,Exact date,1996,1996,1996,Exact date,1990s,TRUE,FALSE,TRUE,FALSE,FALSE
445,1995-06-04T00:00:00Z,NA,Atlantic Ocean - North,"5nm off Rudee Inlet, VA Beach, Virginia, US East Coast",Megaptera novaeangliae,humpback whale,Confirmed,At Sea,NA,NA,"Jensen and Silber, 2003. Large whale ship strike database. Jensen and Silber 2003",Not known,Megaptera novaeangliae,Identified to species,Megaptera novaeangliae,Confirmed,Confirmed identification,At sea,At-sea evidence,Unknown,FALSE,NA,Unknown outcome,Unknown,Unknown,Atlantic Ocean - North,Atlantic Ocean,NA,Exact date,1995,1995,1995,Exact date,1990s,TRUE,FALSE,TRUE,FALSE,FALSE
446,1991-02-11T00:00:00Z,NA,Atlantic Ocean - North,Southeast USA,Eubalaena glacialis,North Atlantic right whale,Confirmed,At Sea,NA,NA,Jensen and Silber 2003. Large whale ship strike database. Best et al. 2001. Best et al. 2001,Not known,Eubalaena glacialis,Identified to species,Eubalaena glacialis,Confirmed,Confirmed identification,At sea,At-sea evidence,Unknown,FALSE,NA,Unknown outcome,Unknown,Unknown,Atlantic Ocean - North,Atlantic Ocean,NA,Exact date,1991,1991,1991,Exact date,1990s,TRUE,FALSE,TRUE,FALSE,FALSE
447,1988-05-04T00:00:00Z,NA,Atlantic Ocean - North,"Deal, New Jersey, US East Coast",Balaenoptera physalus,fin whale,Confirmed,At Sea,NA,NA,Jensen and Silber 2003. Large whale ship strike database. Jensen and Silber 2003.,Not known,Balaenoptera physalus,Identified to species,Balaenoptera physalus,Confirmed,Confirmed identification,At sea,At-sea evidence,Unknown,FALSE,NA,Unknown outcome,Unknown,Unknown,Atlantic Ocean - North,Atlantic Ocean,NA,Exact date,1988,1988,1988,Exact date,1980s,TRUE,FALSE,TRUE,FALSE,FALSE
448,1980-05-25T00:00:00Z,NA,Atlantic Ocean - North,"Great South Channel, Massachusetts, US East Coast",Eubalaena glacialis,North Atlantic right whale,Confirmed,At Sea,NA,NA,Best et al. 2001. Jensen and Silber 2003. right,Not known,Eubalaena glacialis,Identified to species,Eubalaena glacialis,Confirmed,Confirmed identification,At sea,At-sea evidence,Unknown,FALSE,NA,Unknown outcome,Unknown,Unknown,Atlantic Ocean - North,Atlantic Ocean,NA,Exact date,1980,1980,1980,Exact date,1980s,TRUE,FALSE,TRUE,FALSE,FALSE
449,2000-09-27T00:00:00Z,NA,Atlantic Ocean - North,"Bay of Fundy, Eastern Canada",Eubalaena glacialis,North Atlantic right whale,Confirmed,At Sea,NA,NA,"Jensen and Silber 2003. seen July quite September, re-sighted wounded in September right",Not known,Eubalaena glacialis,Identified to species,Eubalaena glacialis,Confirmed,Confirmed identification,At sea,At-sea evidence,Unknown,FALSE,NA,Unknown outcome,Unknown,Unknown,Atlantic Ocean - North,Atlantic Ocean,NA,Exact date,2000,2000,2000,Exact date,2000s,TRUE,FALSE,TRUE,FALSE,FALSE
450,1995-09-16T00:00:00Z,NA,Atlantic Ocean - North,"Bay of Fundy, Eastern Canada",Eubalaena glacialis,North Atlantic right whale,Confirmed,At Sea,NA,NA,Best et al. 2001. estimated 4 years old right Best et al. 2001,Not known,Eubalaena glacialis,Identified to species,Eubalaena glacialis,Confirmed,Confirmed identification,At sea,At-sea evidence,Unknown,FALSE,NA,Unknown outcome,Unknown,Unknown,Atlantic Ocean - North,Atlantic Ocean,NA,Exact date,1995,1995,1995,Exact date,1990s,TRUE,FALSE,TRUE,FALSE,FALSE
451,2006-04-26T00:00:00Z,NA,Atlantic Ocean - South,"Bahia dos Golfinhos, Fernando de Noronha Archipelago, Brazil",Stenella longirostris,spinner dolphin,Confirmed,At Sea,NA,NA,"Spinner dolphin with both jaws mutilated, propeller scars on flank, fatal prognosis, Fernando de Noronha Archipelago, Brazil. Camargo and Bellini (2006) Photographs included in reference paper. ""As the dolphin was very emaciated and moved arduously, we c",Not known,Stenella longirostris,Identified to species,Stenella longirostris,Confirmed,Confirmed identification,At sea,At-sea evidence,Unknown,FALSE,NA,Unknown outcome,Unknown,Unknown,Atlantic Ocean - South,Atlantic Ocean,NA,Exact date,2006,2006,2006,Exact date,2000s,TRUE,FALSE,TRUE,FALSE,FALSE
452,NA,11 to 15 June 2001,Pacific Ocean - South,"Mahurangi Harbour, New Zealand",Mesoplodon grayi,Gray's beaked whale,Confirmed,At Sea,NA,NA,"Gray's beaked whale with healed propeller wounds, New Zealand Wounds appeared to have fully healed. Strike involving a large ocean-going vessel, such as a container ship, bulk carrier, or cruise liner. (Dalebout et al. 2004). Photographs included in refer",Not known,Mesoplodon grayi,Identified to species,Mesoplodon grayi,Confirmed,Confirmed identification,At sea,At-sea evidence,Unknown,FALSE,NA,Unknown outcome,Unknown,Unknown,Pacific Ocean - South,Pacific Ocean,11 to 15 june 2001,Descriptive year,2001,2001,2001,Descriptive date,2000s,TRUE,FALSE,TRUE,FALSE,FALSE
453,1982-02-10T00:00:00Z,"February 10, 1982 and re-sightings to 1997",Pacific Ocean - Tasman Sea,New Zealand,Orcinus orca,killer whale,Confirmed,At Sea,NA,NA,"Killer whale with deep propeller wounds healed but with mutilations and altered growing development, New Zealand (Visser 1999) Individual NZ25. Photographs included in reference paper.",Not known,Orcinus orca,Identified to species,Orcinus orca,Confirmed,Confirmed identification,At sea,At-sea evidence,Unknown,FALSE,NA,Unknown outcome,Unknown,Unknown,Pacific Ocean - Tasman Sea,Pacific Ocean,"february 10, 1982 and re-sightings to 1997",Exact date,1982,1982,1982,Exact date,1980s,TRUE,FALSE,TRUE,FALSE,FALSE
454,1995-09-21T00:00:00Z,"September 21, 1995 and re-sightings to 1996",Pacific Ocean - Tasman Sea,New Zealand,Orcinus orca,killer whale,Confirmed,At Sea,NA,NA,"Killer whale with two cuts in dorso-caudal region, healed, New Zealand (Visser 1999) Individual NZ51 ""Dian"" re-sighted 5 times over a 15 months period (1995 - 1996). Photographs included in reference paper.",Not known,Orcinus orca,Identified to species,Orcinus orca,Confirmed,Confirmed identification,At sea,At-sea evidence,Unknown,FALSE,NA,Unknown outcome,Unknown,Unknown,Pacific Ocean - Tasman Sea,Pacific Ocean,"september 21, 1995 and re-sightings to 1996",Exact date,1995,1995,1995,Exact date,1990s,TRUE,FALSE,TRUE,FALSE,FALSE
455,2002-08-22T00:00:00Z,NA,Atlantic Ocean - North,"Off Ocean City, Maryland, US East Coast",Eubalaena glacialis,North Atlantic right whale,Confirmed,At Sea,NA,NA,"Female northern right whale with large laceration, Maryland, USA (Nelson et al., 2007) Female 1 year old",Not known,Eubalaena glacialis,Identified to species,Eubalaena glacialis,Confirmed,Confirmed identification,At sea,At-sea evidence,Unknown,FALSE,NA,Unknown outcome,Unknown,Unknown,Atlantic Ocean - North,Atlantic Ocean,NA,Exact date,2002,2002,2002,Exact date,2000s,TRUE,FALSE,TRUE,FALSE,FALSE
456,2001-07-29T00:00:00Z,NA,Atlantic Ocean - North,"south of Verrazano Bridge, New York, US East Coast",Megaptera novaeangliae,humpback whale,Confirmed,At Sea,NA,NA,"Humpback whale floating, with lacerations on head and fractured skull, New York, USA, (Cole et al. 2005 and Nelson et al., 2007) See Cole et al. (2005)",Not known,Megaptera novaeangliae,Identified to species,Megaptera novaeangliae,Confirmed,Confirmed identification,At sea,At-sea evidence,Unknown,FALSE,NA,Unknown outcome,Unknown,Unknown,Atlantic Ocean - North,Atlantic Ocean,NA,Exact date,2001,2001,2001,Exact date,2000s,TRUE,FALSE,TRUE,FALSE,FALSE
457,2005-03-26T00:00:00Z,NA,Atlantic Ocean - North,"Off Virginia Beach, Virginia, US East Coast",Balaenoptera physalus,fin whale,Confirmed,At Sea,NA,NA,"Fin whale with fractures and hemorrhaging, off Virginia Beach, USA, Nelson et al. (2007). Category of record not suggested Category not indicated or suggested, tentative geographic position, see Nelson et al. (2007)",Not known,Balaenoptera physalus,Identified to species,Balaenoptera physalus,Confirmed,Confirmed identification,At sea,At-sea evidence,Unknown,FALSE,NA,Unknown outcome,Unknown,Unknown,Atlantic Ocean - North,Atlantic Ocean,NA,Exact date,2005,2005,2005,Exact date,2000s,TRUE,FALSE,TRUE,FALSE,FALSE
458,1999-03-25T00:00:00Z,NA,Pacific Ocean - North,"Olowalu, Off Maui Island, Hawaii",Megaptera novaeangliae,humpback whale,Confirmed,At Sea,NA,NA,"Humpback whale calf survived and recovered from deep propeller wounds, Hawaii, USA. (Deakos et al., 1999, cited by Lammers et al., 2003 and 2006) Tentative location. The calf and mother were re-sighted in the Maui region on three other occasions over a pe",Not known,Megaptera novaeangliae,Identified to species,Megaptera novaeangliae,Confirmed,Confirmed identification,At sea,At-sea evidence,Unknown,FALSE,NA,Unknown outcome,Unknown,Unknown,Pacific Ocean - North,Pacific Ocean,NA,Exact date,1999,1999,1999,Exact date,1990s,TRUE,FALSE,TRUE,FALSE,FALSE
459,1999-01-17T00:00:00Z,NA,Pacific Ocean - South,"Off Wainui, Akaroa Harbor, New Zealand",Cephalorhynchus hectori,Hector's dolphin,Confirmed,At Sea,NA,NA,"Calf Hector dolphin found dead in the sea, New Zealand (Stone and Yoshinaga, 2000) 4 weeks old dolphin. Stone and Yoshinaga (2000). Accompanied by mother, showing epimeletic behaviour.",Not known,Cephalorhynchus hectori,Identified to species,Cephalorhynchus hectori,Confirmed,Confirmed identification,At sea,At-sea evidence,Unknown,FALSE,NA,Unknown outcome,Unknown,Unknown,Pacific Ocean - South,Pacific Ocean,NA,Exact date,1999,1999,1999,Exact date,1990s,TRUE,FALSE,TRUE,FALSE,FALSE
460,1999-01-18T00:00:00Z,NA,Pacific Ocean - South,"Off Wainui, Akaroa Harbor, New Zealand",Cephalorhynchus hectori,Hector's dolphin,Confirmed,At Sea,NA,NA,"Calf Hector dolphin found dead with boat strike wounds, New Zealand (Stone and Yoshinaga, 2000) Photograph and necropsy report included in referenced paper. 4 weeks old calf. 1km distant from previous record (Specimen at Sea 57)",Not known,Cephalorhynchus hectori,Identified to species,Cephalorhynchus hectori,Confirmed,Confirmed identification,At sea,At-sea evidence,Unknown,FALSE,NA,Unknown outcome,Unknown,Unknown,Pacific Ocean - South,Pacific Ocean,NA,Exact date,1999,1999,1999,Exact date,1990s,TRUE,FALSE,TRUE,FALSE,FALSE
461,2006-12-30T00:00:00Z,NA,Atlantic Ocean - North,"10-12 miles off Brunswick, Georgia, US East Coast",Eubalaena glacialis,North Atlantic right whale,Confirmed,At Sea,NA,NA,"Juvenile northern right whale sighted dead with multiple propeller wounds, Georgia, towed ashore to Florida, USA. New England Aquarium (2007) Photographs included in referenced web page. Tentative location. First spotted floating belly up at 10:30 a.m. S",Not known,Eubalaena glacialis,Identified to species,Eubalaena glacialis,Confirmed,Confirmed identification,At sea,At-sea evidence,Unknown,FALSE,NA,Unknown outcome,Unknown,Unknown,Atlantic Ocean - North,Atlantic Ocean,NA,Exact date,2006,2006,2006,Exact date,2000s,TRUE,FALSE,TRUE,FALSE,FALSE
462,2007-05-13T00:00:00Z,NA,Pacific Ocean - North,"Sacramento River, San Francisco, California, USA",Megaptera novaeangliae,humpback whale,Confirmed,At Sea,NA,NA,"Humpback whale mother-calf pair injured and wayward in Sacramento River, California, USA (mother) On May 30 the humpback whales left 'discreetly' in the middle of the night, after antibiotics treatment for their infected wounds.",Not known,Megaptera novaeangliae,Identified to species,Megaptera novaeangliae,Confirmed,Confirmed identification,At sea,At-sea evidence,Unknown,FALSE,NA,Unknown outcome,Unknown,Unknown,Pacific Ocean - North,Pacific Ocean,NA,Exact date,2007,2007,2007,Exact date,2000s,TRUE,FALSE,TRUE,FALSE,FALSE
463,2007-05-13T00:00:00Z,NA,Pacific Ocean - North,"Sacramento River, San Francisco, California, USA",Megaptera novaeangliae,humpback whale,Confirmed,At Sea,NA,NA,"Humpback whale mother-calf pair injured and wayward in Sacramento River, California, USA (calf) named ""Dawn"", accompanied by mother. Tentative location. On May 30 the humpback whales left 'discreetly' in the middle of the night, after antibiotics treatmen",Not known,Megaptera novaeangliae,Identified to species,Megaptera novaeangliae,Confirmed,Confirmed identification,At sea,At-sea evidence,Unknown,FALSE,NA,Unknown outcome,Unknown,Unknown,Pacific Ocean - North,Pacific Ocean,NA,Exact date,2007,2007,2007,Exact date,2000s,TRUE,FALSE,TRUE,FALSE,FALSE
464,2005-02-28T00:00:00Z,NA,Pacific Ocean - North,"Puamana, Maui, Hawaii",Megaptera novaeangliae,humpback whale,Confirmed,At Sea,NA,NA,"Humpback whale observed with injuries, Hawaii, USA No more information for this record in Lammerd et al. (2006)",Motor yacht (unknwon size),Megaptera novaeangliae,Identified to species,Megaptera novaeangliae,Confirmed,Confirmed identification,At sea,At-sea evidence,Unknown,FALSE,NA,Unknown outcome,Motor yacht (unknown size),Recreational or small craft,Pacific Ocean - North,Pacific Ocean,NA,Exact date,2005,2005,2005,Exact date,2000s,TRUE,FALSE,TRUE,FALSE,FALSE
465,2006-03-15T00:00:00Z,NA,Pacific Ocean - North,"Maalea, Maui, Hawaii",Megaptera novaeangliae,humpback whale,Confirmed,At Sea,NA,NA,"Injured humpback whale calf observed with injuries, Hawaii, USA Tentative location",Not known,Megaptera novaeangliae,Identified to species,Megaptera novaeangliae,Confirmed,Confirmed identification,At sea,At-sea evidence,Unknown,FALSE,NA,Unknown outcome,Unknown,Unknown,Pacific Ocean - North,Pacific Ocean,NA,Exact date,2006,2006,2006,Exact date,2000s,TRUE,FALSE,TRUE,FALSE,FALSE
466,1999-09-10T00:00:00Z,NA,Atlantic Ocean - North,"Off south La Gomera Island, Canary Islands",Balaenoptera edeni,Bryde's whale,Tentative,At Sea,NA,NA,"Bryde's whale drifting with heavy cuts, Canary Islands Tentative location.",Not known,Balaenoptera edeni,Identified to species,Balaenoptera edeni,Tentative,Not confirmed or missing,At sea,At-sea evidence,Unknown,FALSE,NA,Unknown outcome,Unknown,Unknown,Atlantic Ocean - North,Atlantic Ocean,NA,Exact date,1999,1999,1999,Exact date,1990s,TRUE,FALSE,FALSE,FALSE,FALSE
467,1998-06-07T00:00:00Z,NA,NA,NA,Megaptera novaeangliae,humpback whale,Confirmed,At Sea,NA,NA,"Jensen and Silber 2003. Humpback in Boston harbour, Massachusetts, 1998 (2 specimens) 2 humpback Boston harbour",Not known,Megaptera novaeangliae,Identified to species,Megaptera novaeangliae,Confirmed,Confirmed identification,At sea,At-sea evidence,Unknown,FALSE,NA,Unknown outcome,Unknown,Unknown,Unknown,Unknown,NA,Exact date,1998,1998,1998,Exact date,1990s,TRUE,FALSE,TRUE,FALSE,FALSE
468,2007-09-19T00:00:00Z,NA,Pacific Ocean - North,"Santa Barbara Channel, Ventura County, California, US West coast",Balaenoptera musculus,blue whale,Confirmed,At Sea,NA,NA,"Blue whale floating and towed ashore with smashed cranium and propeller scars on back and rostrum, Ventura County, California Towed ashore for necropsy",Not known,Balaenoptera musculus,Identified to species,Balaenoptera musculus,Confirmed,Confirmed identification,At sea,At-sea evidence,Unknown,FALSE,NA,Unknown outcome,Unknown,Unknown,Pacific Ocean - North,Pacific Ocean,NA,Exact date,2007,2007,2007,Exact date,2000s,TRUE,FALSE,TRUE,FALSE,FALSE
469,2007-12-17T00:00:00Z,NA,Pacific Ocean - Tasman Sea,Tasmanian's East Coast,Megaptera novaeangliae,humpback whale,Confirmed,At Sea,NA,NA,"Humpback whale spotted with massive propeller scars, Tasmania Source: Marine Connection Web Page, - Marine Impacts News.htm. Tentative geographic position",Not known,Megaptera novaeangliae,Identified to species,Megaptera novaeangliae,Confirmed,Confirmed identification,At sea,At-sea evidence,Unknown,FALSE,NA,Unknown outcome,Unknown,Unknown,Pacific Ocean - Tasman Sea,Pacific Ocean,NA,Exact date,2007,2007,2007,Exact date,2000s,TRUE,FALSE,TRUE,FALSE,FALSE
470,2007-12-01T00:00:00Z,December 2007,Pacific Ocean - Tasman Sea,Tasmania's East Coas,Megaptera novaeangliae,humpback whale,Confirmed,At Sea,NA,NA,Humpback whale with healed propeller scars spotted off Tasmania Source: Marineconnection.com. Approximate location,Not known,Megaptera novaeangliae,Identified to species,Megaptera novaeangliae,Confirmed,Confirmed identification,At sea,At-sea evidence,Unknown,FALSE,NA,Unknown outcome,Unknown,Unknown,Pacific Ocean - Tasman Sea,Pacific Ocean,december 2007,Exact date,2007,2007,2007,Exact date,2000s,TRUE,FALSE,TRUE,FALSE,FALSE
471,NA,2007,Pacific Ocean - Tasman Sea,East Tasmania,Megaptera novaeangliae,humpback whale,Confirmed,At Sea,NA,NA,Boat owners have been urged to take care after whales were spotted off Tasmania's East Coast with extreme propeller injuries. (The Mercury),Not known,Megaptera novaeangliae,Identified to species,Megaptera novaeangliae,Confirmed,Confirmed identification,At sea,At-sea evidence,Unknown,FALSE,NA,Unknown outcome,Unknown,Unknown,Pacific Ocean - Tasman Sea,Pacific Ocean,2007,Descriptive year,2007,2007,2007,Descriptive date,2000s,TRUE,FALSE,TRUE,FALSE,FALSE
472,1997-09-09T00:00:00Z,NA,Pacific Ocean - South,"Pakari Beach, New Zealand",Balaenoptera edeni,Bryde's whale,Confirmed,Found on Shore,NA,NA,NA,Not known,Balaenoptera edeni,Identified to species,Balaenoptera edeni,Confirmed,Confirmed identification,Found on shore,Shore-based evidence,Unknown,FALSE,NA,Unknown outcome,Unknown,Unknown,Pacific Ocean - South,Pacific Ocean,NA,Exact date,1997,1997,1997,Exact date,1990s,TRUE,FALSE,TRUE,FALSE,FALSE
473,1999-08-13T00:00:00Z,NA,Pacific Ocean - South,"Westend Beach, Tawharanui, New Zealand",Balaenoptera edeni,Bryde's whale,Confirmed,Found on Shore,NA,NA,NA,Not known,Balaenoptera edeni,Identified to species,Balaenoptera edeni,Confirmed,Confirmed identification,Found on shore,Shore-based evidence,Unknown,FALSE,NA,Unknown outcome,Unknown,Unknown,Pacific Ocean - South,Pacific Ocean,NA,Exact date,1999,1999,1999,Exact date,1990s,TRUE,FALSE,TRUE,FALSE,FALSE
474,2000-10-27T00:00:00Z,NA,Pacific Ocean - South,"Daniels Bay, near Leigh, New Zealand",Balaenoptera edeni,Bryde's whale,Confirmed,Found on Shore,NA,NA,NA,Not known,Balaenoptera edeni,Identified to species,Balaenoptera edeni,Confirmed,Confirmed identification,Found on shore,Shore-based evidence,Unknown,FALSE,NA,Unknown outcome,Unknown,Unknown,Pacific Ocean - South,Pacific Ocean,NA,Exact date,2000,2000,2000,Exact date,2000s,TRUE,FALSE,TRUE,FALSE,FALSE
475,2003-01-07T00:00:00Z,NA,Pacific Ocean - South,"4 nm east Takata Peninsula, New Zealand",Balaenoptera edeni,Bryde's whale,Confirmed,Found on Shore,NA,NA,NA,Not known,Balaenoptera edeni,Identified to species,Balaenoptera edeni,Confirmed,Confirmed identification,Found on shore,Shore-based evidence,Unknown,FALSE,NA,Unknown outcome,Unknown,Unknown,Pacific Ocean - South,Pacific Ocean,NA,Exact date,2003,2003,2003,Exact date,2000s,TRUE,FALSE,TRUE,FALSE,FALSE
476,2007-02-04T00:00:00Z,NA,Pacific Ocean - South,"SE of Tiritiri Matangi, New Zealand",Balaenoptera edeni,Bryde's whale,Confirmed,Found on Shore,NA,NA,NA,Not known,Balaenoptera edeni,Identified to species,Balaenoptera edeni,Confirmed,Confirmed identification,Found on shore,Shore-based evidence,Unknown,FALSE,NA,Unknown outcome,Unknown,Unknown,Pacific Ocean - South,Pacific Ocean,NA,Exact date,2007,2007,2007,Exact date,2000s,TRUE,FALSE,TRUE,FALSE,FALSE
477,2007-10-01T00:00:00Z,NA,Pacific Ocean - South,"Waipu Cove, New Zealand",Balaenoptera edeni,Bryde's whale,Confirmed,Found on Shore,NA,NA,NA,Not known,Balaenoptera edeni,Identified to species,Balaenoptera edeni,Confirmed,Confirmed identification,Found on shore,Shore-based evidence,Unknown,FALSE,NA,Unknown outcome,Unknown,Unknown,Pacific Ocean - South,Pacific Ocean,NA,Exact date,2007,2007,2007,Exact date,2000s,TRUE,FALSE,TRUE,FALSE,FALSE
478,2007-04-23T00:00:00Z,NA,Pacific Ocean - Sea of Japan/East Sea,Korea Strait,Balaenoptera acutorostrata,Common minke whale,Confirmed,Collision,Observed by crew,Indeterminate visible injury,SC/60/ProgRepKorea,"Fast ferry (>25knots, >300grt)",Balaenoptera acutorostrata,Identified to species,Balaenoptera acutorostrata,Confirmed,Confirmed identification,Collision,Reported collision,Indeterminate injury,TRUE,0,Non-fatal known outcome,"Fast ferry (>25knots, >300grt)",Passenger or ferry,Pacific Ocean - Sea of Japan/East Sea,Pacific Ocean,NA,Exact date,2007,2007,2007,Exact date,2000s,TRUE,TRUE,TRUE,TRUE,TRUE
479,NA,2007,Pacific Ocean - South,East Coast Tasmania,Megaptera novaeangliae,humpback whale,Confirmed,Collision,NA,Not known,SC/60/ProgRepAustralia,Not known,Megaptera novaeangliae,Identified to species,Megaptera novaeangliae,Confirmed,Confirmed identification,Collision,Reported collision,Unknown,FALSE,NA,Unknown outcome,Unknown,Unknown,Pacific Ocean - South,Pacific Ocean,2007,Descriptive year,2007,2007,2007,Descriptive date,2000s,TRUE,FALSE,TRUE,FALSE,FALSE
480,2007-08-29T00:00:00Z,NA,Pacific Ocean - Coral Sea,Whitsundays,Megaptera novaeangliae,humpback whale,Confirmed,Collision,Observed by tourism operator. Vessel operator collided with whale then spent ten minutes observing the animal. No visible injuries or changes in behaviour. Contact Col Limpus/EPA-QLD,NA,SC/60/ProgRepAustralia,Other,Megaptera novaeangliae,Identified to species,Megaptera novaeangliae,Confirmed,Confirmed identification,Collision,Reported collision,Unknown,FALSE,NA,Unknown outcome,Other,Other or industrial,Pacific Ocean - Coral Sea,Pacific Ocean,NA,Exact date,2007,2007,2007,Exact date,2000s,TRUE,FALSE,TRUE,FALSE,FALSE
481,2007-09-17T00:00:00Z,NA,Pacific Ocean - Coral Sea,Near Dunk Island,Megaptera novaeangliae,humpback whale,Confirmed,Collision,Both mother and calf observed by tourism operator with propellor cuts. Contact Col Limpus/EPA-QLD,NA,SC/60/ProgRepAustralia,Not known,Megaptera novaeangliae,Identified to species,Megaptera novaeangliae,Confirmed,Confirmed identification,Collision,Reported collision,Unknown,FALSE,NA,Unknown outcome,Unknown,Unknown,Pacific Ocean - Coral Sea,Pacific Ocean,NA,Exact date,2007,2007,2007,Exact date,2000s,TRUE,FALSE,TRUE,FALSE,FALSE
482,2007-08-12T00:00:00Z,NA,Pacific Ocean - South,Off south coast of Australia,Physeter macrocephalus,sperm whale,Confirmed,Found at Sea,NA,NA,SC/60/ProgRepAustralia,Not known,Physeter macrocephalus,Identified to species,Physeter macrocephalus,Confirmed,Confirmed identification,Found at sea,At-sea evidence,Unknown,FALSE,NA,Unknown outcome,Unknown,Unknown,Pacific Ocean - South,Pacific Ocean,NA,Exact date,2007,2007,2007,Exact date,2000s,TRUE,FALSE,TRUE,FALSE,FALSE
483,2007-03-17T00:00:00Z,NA,Atlantic Ocean - South,"Off south coast of Sao Paulo State, Brazil",Megaptera novaeangliae,humpback whale,Confirmed,Collision,Crew observed tail cut in half and marks on back. Contact A.R. Santos-Lopes (IPec),Severe external visible injury,SC/60/ProgRepBrazil,Naval vessel,Megaptera novaeangliae,Identified to species,Megaptera novaeangliae,Confirmed,Confirmed identification,Collision,Reported collision,Severe injury,TRUE,0,Non-fatal known outcome,Naval vessel,Government or naval,Atlantic Ocean - South,Atlantic Ocean,NA,Exact date,2007,2007,2007,Exact date,2000s,TRUE,TRUE,TRUE,TRUE,TRUE
484,NA,Before May 2007,Arctic Ocean - Davis Strait,Off Nuuk,Megaptera novaeangliae,humpback whale,Confirmed,Collision,A skiff collided with the whale. Man overboard (non-fatal),Not known,SC/60/ProgRepDenmark,Other,Megaptera novaeangliae,Identified to species,Megaptera novaeangliae,Confirmed,Confirmed identification,Collision,Reported collision,Unknown,FALSE,NA,Unknown outcome,Other,Other or industrial,Arctic Ocean - Davis Strait,Arctic Ocean,before may 2007,Before specified date,NA,2007,NA,No single usable year,NA,TRUE,FALSE,TRUE,FALSE,FALSE
485,2005-03-10T00:00:00Z,NA,Atlantic Ocean - North,"Cumberland Island, Georgia, US",Eubalaena glacialis,North Atlantic right whale,Confirmed,Collision,Contact Tim Cole/NEFSC Ref Doc 08-04,Indeterminate visible injury,SC/60/ProgRepUSA,Not known,Eubalaena glacialis,Identified to species,Eubalaena glacialis,Confirmed,Confirmed identification,Collision,Reported collision,Indeterminate injury,TRUE,0,Non-fatal known outcome,Unknown,Unknown,Atlantic Ocean - North,Atlantic Ocean,NA,Exact date,2005,2005,2005,Exact date,2000s,TRUE,TRUE,TRUE,FALSE,TRUE
486,2005-08-28T00:00:00Z,NA,Atlantic Ocean - North,"Monomoy Island, Massachusetts, US",Eubalaena glacialis,North Atlantic right whale,Confirmed,Collision,Female whale. Contact Tim Cole/NEFSC Ref Doc 08-04,Death,SC/60/ProgRepUSA,Not known,Eubalaena glacialis,Identified to species,Eubalaena glacialis,Confirmed,Confirmed identification,Collision,Reported collision,Death,TRUE,1,Fatal,Unknown,Unknown,Atlantic Ocean - North,Atlantic Ocean,NA,Exact date,2005,2005,2005,Exact date,2000s,TRUE,TRUE,TRUE,FALSE,TRUE
487,2006-07-21T00:00:00Z,NA,Atlantic Ocean - Ligurian Sea,Ligurian Sea,Balaenoptera physalus,fin whale,Confirmed,Found at Sea,NA,NA,SC/60/ProgRepItaly,Not known,Balaenoptera physalus,Identified to species,Balaenoptera physalus,Confirmed,Confirmed identification,Found at sea,At-sea evidence,Unknown,FALSE,NA,Unknown outcome,Unknown,Unknown,Atlantic Ocean - Ligurian Sea,Atlantic Ocean,NA,Exact date,2006,2006,2006,Exact date,2000s,TRUE,FALSE,TRUE,FALSE,FALSE
488,2006-07-08T00:00:00Z,NA,Atlantic Ocean - Ligurian Sea,Ligurian Sea,Balaenoptera physalus,fin whale,Confirmed,Found at Sea,NA,NA,SC/60/ProgRepItaly,Not known,Balaenoptera physalus,Identified to species,Balaenoptera physalus,Confirmed,Confirmed identification,Found at sea,At-sea evidence,Unknown,FALSE,NA,Unknown outcome,Unknown,Unknown,Atlantic Ocean - Ligurian Sea,Atlantic Ocean,NA,Exact date,2006,2006,2006,Exact date,2000s,TRUE,FALSE,TRUE,FALSE,FALSE
489,2007-04-20T00:00:00Z,NA,Atlantic Ocean - Mediterranean Sea,"Barcelona Harbour, Spain",Balaenoptera physalus,fin whale,Confirmed,Collision,Observed by crew. Contact Fundacion CRAM,Not known,SC/60/ProgRepSpain,Naval vessel,Balaenoptera physalus,Identified to species,Balaenoptera physalus,Confirmed,Confirmed identification,Collision,Reported collision,Unknown,FALSE,NA,Unknown outcome,Naval vessel,Government or naval,Atlantic Ocean - Mediterranean Sea,Atlantic Ocean,NA,Exact date,2007,2007,2007,Exact date,2000s,TRUE,FALSE,TRUE,FALSE,FALSE
490,NA,2007,Atlantic Ocean - North,Canary Islands,Balaenoptera physalus,fin whale,Confirmed,Found on Shore,NA,NA,SC/60/ProgRepSpain,Not known,Balaenoptera physalus,Identified to species,Balaenoptera physalus,Confirmed,Confirmed identification,Found on shore,Shore-based evidence,Unknown,FALSE,NA,Unknown outcome,Unknown,Unknown,Atlantic Ocean - North,Atlantic Ocean,2007,Descriptive year,2007,2007,2007,Descriptive date,2000s,TRUE,FALSE,TRUE,FALSE,FALSE
491,NA,2007,Atlantic Ocean - North,Canary Islands,Mesoplodon bidens,Sowerby's beaked whale,Confirmed,Found on Shore,NA,NA,SC/60/ProgRepSpain,Not known,Mesoplodon bidens,Identified to species,Mesoplodon bidens,Confirmed,Confirmed identification,Found on shore,Shore-based evidence,Unknown,FALSE,NA,Unknown outcome,Unknown,Unknown,Atlantic Ocean - North,Atlantic Ocean,2007,Descriptive year,2007,2007,2007,Descriptive date,2000s,TRUE,FALSE,TRUE,FALSE,FALSE
492,NA,2007,Atlantic Ocean - North,Canary Islands,Kogia breviceps,pygmy sperm whale,Confirmed,Found on Shore,NA,NA,SC/60/ProgRepSpain,Not known,Kogia breviceps,Identified to species,Kogia breviceps,Confirmed,Confirmed identification,Found on shore,Shore-based evidence,Unknown,FALSE,NA,Unknown outcome,Unknown,Unknown,Atlantic Ocean - North,Atlantic Ocean,2007,Descriptive year,2007,2007,2007,Descriptive date,2000s,TRUE,FALSE,TRUE,FALSE,FALSE
493,2008-05-23T00:00:00Z,NA,Atlantic Ocean - English Channel,Eastern English Channel,Balaenoptera physalus,fin whale,Confirmed,Collision,Observed by French Navy. Contact O. Van Canneyt (CRMM/ULR),Death,SC/60/ProgRepFrance,Not known,Balaenoptera physalus,Identified to species,Balaenoptera physalus,Confirmed,Confirmed identification,Collision,Reported collision,Death,TRUE,1,Fatal,Unknown,Unknown,Atlantic Ocean - English Channel,Atlantic Ocean,NA,Exact date,2008,2008,2008,Exact date,2000s,TRUE,TRUE,TRUE,FALSE,TRUE
494,2007-10-18T00:00:00Z,NA,Atlantic Ocean - English Channel,Eastern English Channel,Balaenoptera physalus,fin whale,Confirmed,Collision,Observed by French Navy and CRMM. Contact O. Van Canneyt (CRMM/ULR),Death,SC/60/ProgRepFrance,Not known,Balaenoptera physalus,Identified to species,Balaenoptera physalus,Confirmed,Confirmed identification,Collision,Reported collision,Death,TRUE,1,Fatal,Unknown,Unknown,Atlantic Ocean - English Channel,Atlantic Ocean,NA,Exact date,2007,2007,2007,Exact date,2000s,TRUE,TRUE,TRUE,FALSE,TRUE
495,2007-06-08T00:00:00Z,NA,Atlantic Ocean - Mediterranean Sea,"Off Toulon, France, NW Mediterranean",Balaenoptera physalus,fin whale,Confirmed,Collision,Observed by crew. Contact F. Dupraz (GECEM),Death,SC/60/ProgRepFrance,Naval vessel,Balaenoptera physalus,Identified to species,Balaenoptera physalus,Confirmed,Confirmed identification,Collision,Reported collision,Death,TRUE,1,Fatal,Naval vessel,Government or naval,Atlantic Ocean - Mediterranean Sea,Atlantic Ocean,NA,Exact date,2007,2007,2007,Exact date,2000s,TRUE,TRUE,TRUE,TRUE,TRUE
496,2008-01-17T00:00:00Z,NA,Pacific Ocean - Sea of Japan/East Sea,Korea Strait,Balaenoptera acutorostrata,Common minke whale,Confirmed,Collision,Observed by crew. Contact CRI/NFRDI,Indeterminate visible injury,SC/61/ProgRepKorea,"Fast ferry (>25knots, >300grt)",Balaenoptera acutorostrata,Identified to species,Balaenoptera acutorostrata,Confirmed,Confirmed identification,Collision,Reported collision,Indeterminate injury,TRUE,0,Non-fatal known outcome,"Fast ferry (>25knots, >300grt)",Passenger or ferry,Pacific Ocean - Sea of Japan/East Sea,Pacific Ocean,NA,Exact date,2008,2008,2008,Exact date,2000s,TRUE,TRUE,TRUE,TRUE,TRUE
497,2008-08-21T00:00:00Z,NA,Pacific Ocean - South,Off south west Australia,Eubalaena australis,southern right whale,Confirmed,Collision,"Contact D. Coughran, DEC-WA",Not known,SC/61/ProgRepAustralia,Not known,Eubalaena australis,Identified to species,Eubalaena australis,Confirmed,Confirmed identification,Collision,Reported collision,Unknown,FALSE,NA,Unknown outcome,Unknown,Unknown,Pacific Ocean - South,Pacific Ocean,NA,Exact date,2008,2008,2008,Exact date,2000s,TRUE,FALSE,TRUE,FALSE,FALSE
498,2008-01-12T00:00:00Z,NA,NA,"Lincoln National Park, Australia",Caperea marginata,pygmy right whale,Confirmed,Found on Shore,NA,NA,SC/61/ProgRepAustralia,Not known,Caperea marginata,Identified to species,Caperea marginata,Confirmed,Confirmed identification,Found on shore,Shore-based evidence,Unknown,FALSE,NA,Unknown outcome,Unknown,Unknown,Unknown,Unknown,NA,Exact date,2008,2008,2008,Exact date,2000s,TRUE,FALSE,TRUE,FALSE,FALSE
499,2008-09-20T00:00:00Z,NA,Pacific Ocean - South,"20nm East Coffs Harbour, Australia",Megaptera novaeangliae,humpback whale,Confirmed,Collision,Male whale. Contact Geoffrey Ross,Death,SC/61/ProgRepAustralia,Not known,Megaptera novaeangliae,Identified to species,Megaptera novaeangliae,Confirmed,Confirmed identification,Collision,Reported collision,Death,TRUE,1,Fatal,Unknown,Unknown,Pacific Ocean - South,Pacific Ocean,NA,Exact date,2008,2008,2008,Exact date,2000s,TRUE,TRUE,TRUE,FALSE,TRUE
500,2008-10-26T00:00:00Z,NA,Pacific Ocean - South,"Byron Coast, NSW, Australia",Megaptera novaeangliae,humpback whale,Confirmed,Collision,Contact Geoffrey Ross,Death,SC/61/ProgRepAustralia,Not known,Megaptera novaeangliae,Identified to species,Megaptera novaeangliae,Confirmed,Confirmed identification,Collision,Reported collision,Death,TRUE,1,Fatal,Unknown,Unknown,Pacific Ocean - South,Pacific Ocean,NA,Exact date,2008,2008,2008,Exact date,2000s,TRUE,TRUE,TRUE,FALSE,TRUE
501,2008-10-26T00:00:00Z,NA,Pacific Ocean - South,"Richard River, NSW, Australia",Megaptera novaeangliae,humpback whale,Confirmed,Collision,Contact Geoffrey Ross,Death,SC/61/ProgRepAustralia,Not known,Megaptera novaeangliae,Identified to species,Megaptera novaeangliae,Confirmed,Confirmed identification,Collision,Reported collision,Death,TRUE,1,Fatal,Unknown,Unknown,Pacific Ocean - South,Pacific Ocean,NA,Exact date,2008,2008,2008,Exact date,2000s,TRUE,TRUE,TRUE,FALSE,TRUE
502,2008-10-06T00:00:00Z,NA,Indian Ocean,"12 Apostles, Great Ocean Road, Western Victoria, Australia",Physeter macrocephalus,sperm whale,Confirmed,Found on Shore,NA,NA,SC/61/ProgRepAustralia,Not known,Physeter macrocephalus,Identified to species,Physeter macrocephalus,Confirmed,Confirmed identification,Found on shore,Shore-based evidence,Unknown,FALSE,NA,Unknown outcome,Unknown,Unknown,Indian Ocean,Indian Ocean,NA,Exact date,2008,2008,2008,Exact date,2000s,TRUE,FALSE,TRUE,FALSE,FALSE
503,2008-08-16T00:00:00Z,NA,Pacific Ocean - South,Between Hayman Island and mainland Australia,NA,Unidentified large whale,Confirmed,Collision,Reported by public. Whale struck by large commerical vessel. Contact DERM Whitsundays office,Not known,SC/61/ProgRepAustralia,Other,NA,Missing scientific name,NA,Confirmed,Confirmed identification,Collision,Reported collision,Unknown,FALSE,NA,Unknown outcome,Other,Other or industrial,Pacific Ocean - South,Pacific Ocean,NA,Exact date,2008,2008,2008,Exact date,2000s,FALSE,FALSE,FALSE,FALSE,FALSE
504,2008-08-17T00:00:00Z,NA,Pacific Ocean - South,"Fraser Island, Australia",NA,Unidentified large whale,Confirmed,Collision,"Observed by crew on yacht. Contact Col Limpus, Jenny Greenland, EPA-QLD",Not known,SC/61/ProgRepAustralia,Sailing yacht (<25m),NA,Missing scientific name,NA,Confirmed,Confirmed identification,Collision,Reported collision,Unknown,FALSE,NA,Unknown outcome,Sailing yacht (<25m),Recreational or small craft,Pacific Ocean - South,Pacific Ocean,NA,Exact date,2008,2008,2008,Exact date,2000s,FALSE,FALSE,FALSE,FALSE,FALSE
505,2008-10-07T00:00:00Z,NA,Pacific Ocean - South,"Off Gladstone, Australia",NA,Unidentified large whale,Confirmed,Collision,"Collision observed by crew of MSQ pilot boat which struck it. Contact Col Limpus, Jenny Greeland, EPA-QLD",Not known,SC/61/ProgRepAustralia,Other,NA,Missing scientific name,NA,Confirmed,Confirmed identification,Collision,Reported collision,Unknown,FALSE,NA,Unknown outcome,Other,Other or industrial,Pacific Ocean - South,Pacific Ocean,NA,Exact date,2008,2008,2008,Exact date,2000s,FALSE,FALSE,FALSE,FALSE,FALSE
506,2008-09-08T00:00:00Z,NA,Pacific Ocean - South,Australia,Megaptera novaeangliae,humpback whale,Confirmed,Collision,Vessel's bow struck glancing blow to whale while vessel was coming down the face of a wave. Contact DERM Townsville Office,Not known,SC/61/ProgRepUSA,Other,Megaptera novaeangliae,Identified to species,Megaptera novaeangliae,Confirmed,Confirmed identification,Collision,Reported collision,Unknown,FALSE,NA,Unknown outcome,Other,Other or industrial,Pacific Ocean - South,Pacific Ocean,NA,Exact date,2008,2008,2008,Exact date,2000s,TRUE,FALSE,TRUE,FALSE,FALSE
507,2006-03-11T00:00:00Z,NA,Atlantic Ocean - North,"Off Cumberland Island, Georgia",Eubalaena glacialis,North Atlantic right whale,Confirmed,Collision,Male whale. Contact Tim Cole/NEFSC Ref Doc 09-04,Indeterminate visible injury,SC/61/ProgRepUSA,Not known,Eubalaena glacialis,Identified to species,Eubalaena glacialis,Confirmed,Confirmed identification,Collision,Reported collision,Indeterminate injury,TRUE,0,Non-fatal known outcome,Unknown,Unknown,Atlantic Ocean - North,Atlantic Ocean,NA,Exact date,2006,2006,2006,Exact date,2000s,TRUE,TRUE,TRUE,FALSE,TRUE
508,2006-08-24T00:00:00Z,NA,Atlantic Ocean - North,"Roseway Basin, Nova Scotia",Eubalaena glacialis,North Atlantic right whale,Confirmed,Collision,Female whale. Contact Tim Cole/NEFSC Ref Doc 09-04,Death,SC/61/ProgRepUSA,Not known,Eubalaena glacialis,Identified to species,Eubalaena glacialis,Confirmed,Confirmed identification,Collision,Reported collision,Death,TRUE,1,Fatal,Unknown,Unknown,Atlantic Ocean - North,Atlantic Ocean,NA,Exact date,2006,2006,2006,Exact date,2000s,TRUE,TRUE,TRUE,FALSE,TRUE
509,2006-01-09T00:00:00Z,NA,Atlantic Ocean - North,"Off Charleston, South Carolina, US",Megaptera novaeangliae,humpback whale,Confirmed,Collision,Female whale. Contact Tim Cole/NEFSC Ref Doc 08-04,Death,SC/61/ProgRepUSA,Not known,Megaptera novaeangliae,Identified to species,Megaptera novaeangliae,Confirmed,Confirmed identification,Collision,Reported collision,Death,TRUE,1,Fatal,Unknown,Unknown,Atlantic Ocean - North,Atlantic Ocean,NA,Exact date,2006,2006,2006,Exact date,2000s,TRUE,TRUE,TRUE,FALSE,TRUE
510,2006-03-17T00:00:00Z,NA,Atlantic Ocean - North,"Virginia Beach, Virginia, US",Megaptera novaeangliae,humpback whale,Confirmed,Collision,Female whale. Contact Tim Cole/NEFSC Ref Doc 08-04,Death,SC/61/ProgRepUSA,Not known,Megaptera novaeangliae,Identified to species,Megaptera novaeangliae,Confirmed,Confirmed identification,Collision,Reported collision,Death,TRUE,1,Fatal,Unknown,Unknown,Atlantic Ocean - North,Atlantic Ocean,NA,Exact date,2006,2006,2006,Exact date,2000s,TRUE,TRUE,TRUE,FALSE,TRUE
511,2006-10-15T00:00:00Z,NA,Atlantic Ocean - North,"Off Fenwick Island, Delaware",Megaptera novaeangliae,humpback whale,Confirmed,Collision,Female whale. Contact Tim Cole/NEFSC Ref Doc 08-04,Death,SC/61/ProgRepUSA,Not known,Megaptera novaeangliae,Identified to species,Megaptera novaeangliae,Confirmed,Confirmed identification,Collision,Reported collision,Death,TRUE,1,Fatal,Unknown,Unknown,Atlantic Ocean - North,Atlantic Ocean,NA,Exact date,2006,2006,2006,Exact date,2000s,TRUE,TRUE,TRUE,FALSE,TRUE
512,2006-04-17T00:00:00Z,NA,Atlantic Ocean - North,"Baltimore, MD, US",Balaenoptera borealis,sei whale,Confirmed,Collision,Male whale. Contact Tim Cole/NEFSC Ref Doc 08-04,Death,SC/61/ProgRepUSA,"Container ship (<50,000grt)",Balaenoptera borealis,Identified to species,Balaenoptera borealis,Confirmed,Confirmed identification,Collision,Reported collision,Death,TRUE,1,Fatal,"Container ship (<50,000grt)",Cargo or tanker,Atlantic Ocean - North,Atlantic Ocean,NA,Exact date,2006,2006,2006,Exact date,2000s,TRUE,TRUE,TRUE,TRUE,TRUE
513,2008-04-23T00:00:00Z,NA,Atlantic Ocean - Mediterranean Sea,"Barcelona Harbour, Spain",Balaenoptera physalus,fin whale,Confirmed,Collision,Observed by port staff. Contact Ferran Alegre/CRAM,Death,SC/61/ProgRepSpain,General cargo,Balaenoptera physalus,Identified to species,Balaenoptera physalus,Confirmed,Confirmed identification,Collision,Reported collision,Death,TRUE,1,Fatal,General cargo,Cargo or tanker,Atlantic Ocean - Mediterranean Sea,Atlantic Ocean,NA,Exact date,2008,2008,2008,Exact date,2000s,TRUE,TRUE,TRUE,TRUE,TRUE
514,2008-09-20T00:00:00Z,NA,Atlantic Ocean - North,"Marin Harbour, Pontevedra, northwest Spain",Balaenoptera physalus,fin whale,Confirmed,Collision,Male whale. Observed by port staff. Contact CEMMA,Death,SC/61/ProgRepSpain,General cargo,Balaenoptera physalus,Identified to species,Balaenoptera physalus,Confirmed,Confirmed identification,Collision,Reported collision,Death,TRUE,1,Fatal,General cargo,Cargo or tanker,Atlantic Ocean - North,Atlantic Ocean,NA,Exact date,2008,2008,2008,Exact date,2000s,TRUE,TRUE,TRUE,TRUE,TRUE
515,2009-03-23T00:00:00Z,NA,Pacific Ocean - Tasman Sea,"Approaches to Auckland Harbour, Hauraki Gulf, New Zealand",Balaenoptera edeni,Bryde's whale,Confirmed,Collision,"Male whale. Observed by crew of vessel. Contact Martin Stanley, DOC",Death,SC/61/ProgRepNewZealand,General cargo,Balaenoptera edeni,Identified to species,Balaenoptera edeni,Confirmed,Confirmed identification,Collision,Reported collision,Death,TRUE,1,Fatal,General cargo,Cargo or tanker,Pacific Ocean - Tasman Sea,Pacific Ocean,NA,Exact date,2009,2009,2009,Exact date,2000s,TRUE,TRUE,TRUE,TRUE,TRUE
516,2009-06-13T00:00:00Z,NA,Atlantic Ocean - South,"Bahia Nueva, Puerto Madryn, Chubut, Argentina (Piedrabuena Pier)",Eubalaena australis,southern right whale,Confirmed,Collision,"Whale swam rapidly into propellers of Argentine Navy ship as it was backing away from the pier. Observed by crew and people on pier. Killed instantly. Contact Alejandro Arias, FVSA",Death,SC/61/ProgRepArgentina,Naval vessel,Eubalaena australis,Identified to species,Eubalaena australis,Confirmed,Confirmed identification,Collision,Reported collision,Death,TRUE,1,Fatal,Naval vessel,Government or naval,Atlantic Ocean - South,Atlantic Ocean,NA,Exact date,2009,2009,2009,Exact date,2000s,TRUE,TRUE,TRUE,TRUE,TRUE
517,NA,2008,Atlantic Ocean - South,"Monte Hermoso, Buenas Aires Province, Argentina",Eubalaena australis,southern right whale,Confirmed,Found on Shore,NA,NA,SC/61/ProgRepArgentina,Not known,Eubalaena australis,Identified to species,Eubalaena australis,Confirmed,Confirmed identification,Found on shore,Shore-based evidence,Unknown,FALSE,NA,Unknown outcome,Unknown,Unknown,Atlantic Ocean - South,Atlantic Ocean,2008,Descriptive year,2008,2008,2008,Descriptive date,2000s,TRUE,FALSE,TRUE,FALSE,FALSE
518,2009-04-15T00:00:00Z,NA,Pacific Ocean - South,"Guayaquil Port, southwest Ecuador",Balaenoptera edeni,Bryde's whale,Confirmed,Found at Sea,NA,NA,SC/61/BC5,Not known,Balaenoptera edeni,Identified to species,Balaenoptera edeni,Confirmed,Confirmed identification,Found at sea,At-sea evidence,Unknown,FALSE,NA,Unknown outcome,Unknown,Unknown,Pacific Ocean - South,Pacific Ocean,NA,Exact date,2009,2009,2009,Exact date,2000s,TRUE,FALSE,TRUE,FALSE,FALSE
519,1999-08-23T00:00:00Z,NA,Atlantic Ocean - South,"Parcel das Paredes, Brazil",Megaptera novaeangliae,humpback whale,Confirmed,Collision,Collision itself not witnessed. Whale calf observed with its mother. Had two deep wounds on both ends of dorsal fin and left lobe of caudal fluke. Wounds appeared to be recent. Female did not have any injuries,Severe external visible injury,SC/61/BC4,Not known,Megaptera novaeangliae,Identified to species,Megaptera novaeangliae,Confirmed,Confirmed identification,Collision,Reported collision,Severe injury,TRUE,0,Non-fatal known outcome,Unknown,Unknown,Atlantic Ocean - South,Atlantic Ocean,NA,Exact date,1999,1999,1999,Exact date,1990s,TRUE,TRUE,TRUE,FALSE,TRUE
520,2004-08-04T00:00:00Z,NA,Atlantic Ocean - South,"Caravelas riverside, Brazil",Megaptera novaeangliae,humpback whale,Confirmed,Found on Shore,NA,NA,SC/61/BC4,Not known,Megaptera novaeangliae,Identified to species,Megaptera novaeangliae,Confirmed,Confirmed identification,Found on shore,Shore-based evidence,Unknown,FALSE,NA,Unknown outcome,Unknown,Unknown,Atlantic Ocean - South,Atlantic Ocean,NA,Exact date,2004,2004,2004,Exact date,2000s,TRUE,FALSE,TRUE,FALSE,FALSE
521,2005-07-31T00:00:00Z,NA,Atlantic Ocean - South,"Near Itaparica Island, Brazil",Megaptera novaeangliae,humpback whale,Tentative,Collision,Boat suffered strong impact that thrust some passengers forward. When passengers looked back saw great bloody spot over a white area (possibly blubber),Not known,SC/61/BC4,"Fast ferry (>25knots, >300grt)",Megaptera novaeangliae,Identified to species,Megaptera novaeangliae,Tentative,Not confirmed or missing,Collision,Reported collision,Unknown,FALSE,NA,Unknown outcome,"Fast ferry (>25knots, >300grt)",Passenger or ferry,Atlantic Ocean - South,Atlantic Ocean,NA,Exact date,2005,2005,2005,Exact date,2000s,TRUE,FALSE,FALSE,FALSE,FALSE
522,2009-01-30T00:00:00Z,NA,Pacific Ocean - South,"Puerto Montt, Chile",Balaenoptera borealis,sei whale,Confirmed,Stuck on Bow,NA,NA,SC/61/BC7,Large passenger vessel/cruise ship,Balaenoptera borealis,Identified to species,Balaenoptera borealis,Confirmed,Confirmed identification,Stuck on bow,At-sea evidence,Unknown,FALSE,NA,Unknown outcome,Large passenger vessel/cruise ship,Passenger or ferry,Pacific Ocean - South,Pacific Ocean,NA,Exact date,2009,2009,2009,Exact date,2000s,TRUE,FALSE,TRUE,FALSE,FALSE
523,2010-08-03T00:00:00Z,NA,Atlantic Ocean - Argentine Sea,"Near the city of Puerto Madryn, see longitude and latitude below",Eubalaena australis,southern right whale,Confirmed,Collision,I filmed and Photographied it,Not known,NA,General cargo,Eubalaena australis,Identified to species,Eubalaena australis,Confirmed,Confirmed identification,Collision,Reported collision,Unknown,FALSE,NA,Unknown outcome,General cargo,Cargo or tanker,Atlantic Ocean - Argentine Sea,Atlantic Ocean,NA,Exact date,2010,2010,2010,Exact date,2010s,TRUE,FALSE,TRUE,FALSE,FALSE
524,2009-10-02T00:00:00Z,NA,Indian Ocean,NA,Balaenoptera physalus,fin whale,NA,Found on Shore,Post mortem indicated possible vessel collision,Death,"SC/62/ProgRep, Australia, C. Kemper/SAM",Not known,Balaenoptera physalus,Identified to species,Balaenoptera physalus,Missing,Not confirmed or missing,Found on shore,Shore-based evidence,Death,TRUE,1,Fatal,Unknown,Unknown,Indian Ocean,Indian Ocean,NA,Exact date,2009,2009,2009,Exact date,2000s,TRUE,TRUE,FALSE,FALSE,TRUE
525,2009-07-28T00:00:00Z,NA,Pacific Ocean - Coral Sea,NA,Megaptera novaeangliae,humpback whale,NA,Collision,Whale swam away bleeding heavily,Not known,"SC/62/ProgRep, Australia, Justine Johnston/AFMA",Not known,Megaptera novaeangliae,Identified to species,Megaptera novaeangliae,Missing,Not confirmed or missing,Collision,Reported collision,Unknown,FALSE,NA,Unknown outcome,Unknown,Unknown,Pacific Ocean - Coral Sea,Pacific Ocean,NA,Exact date,2009,2009,2009,Exact date,2000s,TRUE,FALSE,FALSE,FALSE,FALSE
526,2009-09-02T00:00:00Z,NA,Indian Ocean,"Exmouth Gulf, Western Australia",Megaptera novaeangliae,humpback whale,NA,Collision,Private fishing recreational vessel struck the whale,Not known,"SC/62/ProgRep, Australia, Doug Coughran/DEC-WA",Not known,Megaptera novaeangliae,Identified to species,Megaptera novaeangliae,Missing,Not confirmed or missing,Collision,Reported collision,Unknown,FALSE,NA,Unknown outcome,Unknown,Unknown,Indian Ocean,Indian Ocean,NA,Exact date,2009,2009,2009,Exact date,2000s,TRUE,FALSE,FALSE,FALSE,FALSE
527,2009-10-26T00:00:00Z,NA,Indian Ocean,"Fremantle, Western Australia",Megaptera novaeangliae,humpback whale,NA,Collision,NA,NA,"SC/62/ProgRep, Australia, Doug Coughran/DEC-WA",Not known,Megaptera novaeangliae,Identified to species,Megaptera novaeangliae,Missing,Not confirmed or missing,Collision,Reported collision,Unknown,FALSE,NA,Unknown outcome,Unknown,Unknown,Indian Ocean,Indian Ocean,NA,Exact date,2009,2009,2009,Exact date,2000s,TRUE,FALSE,FALSE,FALSE,FALSE
528,2009-09-12T00:00:00Z,NA,Pacific Ocean - Tasman Sea,"Ulladulla, New South Wales, Australia",Eubalaena australis,southern right whale,NA,Collision,Gross examination revealed severely impacted upper jaw and cranium,Death,"SC/62/ProgRep, Australia, Event #896 Geoff Ross/DECCW",Not known,Eubalaena australis,Identified to species,Eubalaena australis,Missing,Not confirmed or missing,Collision,Reported collision,Death,TRUE,1,Fatal,Unknown,Unknown,Pacific Ocean - Tasman Sea,Pacific Ocean,NA,Exact date,2009,2009,2009,Exact date,2000s,TRUE,TRUE,FALSE,FALSE,TRUE
529,2009-09-11T00:00:00Z,NA,Atlantic Ocean - South,NA,Megaptera novaeangliae,humpback whale,NA,Found on Shore,Necropsy of stranded carcass,Death,SC/62/ProgRep Brazil Milton Marcondes/IBJ,Not known,Megaptera novaeangliae,Identified to species,Megaptera novaeangliae,Missing,Not confirmed or missing,Found on shore,Shore-based evidence,Death,TRUE,1,Fatal,Unknown,Unknown,Atlantic Ocean - South,Atlantic Ocean,NA,Exact date,2009,2009,2009,Exact date,2000s,TRUE,TRUE,FALSE,FALSE,TRUE
530,2009-07-02T00:00:00Z,NA,Pacific Ocean - South,"Magellan Straits, Chile",Eubalaena australis,southern right whale,NA,Found at sea,Pictures of dead whale at sea,Death,"SC/62/ProgRep Chile, B. Galletti/CCC",Not known,Eubalaena australis,Identified to species,Eubalaena australis,Missing,Not confirmed or missing,Found at sea,At-sea evidence,Death,TRUE,1,Fatal,Unknown,Unknown,Pacific Ocean - South,Pacific Ocean,NA,Exact date,2009,2009,2009,Exact date,2000s,TRUE,TRUE,FALSE,FALSE,TRUE
531,2009-10-30T00:00:00Z,NA,Atlantic Ocean - English Channel,Eastern English Channel,Balaenoptera physalus,fin whale,NA,Found on Shore,NA,NA,"SC/62/ProgRep, France",Not known,Balaenoptera physalus,Identified to species,Balaenoptera physalus,Missing,Not confirmed or missing,Found on shore,Shore-based evidence,Unknown,FALSE,NA,Unknown outcome,Unknown,Unknown,Atlantic Ocean - English Channel,Atlantic Ocean,NA,Exact date,2009,2009,2009,Exact date,2000s,TRUE,FALSE,FALSE,FALSE,FALSE
532,2009-05-20T00:00:00Z,NA,Atlantic Ocean - North,"Sanham Insir beach, Isle of Rum, Scotland",Balaenoptera acutorostrata,Common minke whale,NA,Found on Shore,NA,NA,"SC/62/ProgRep, UK, Bob Reid/SAC",Not known,Balaenoptera acutorostrata,Identified to species,Balaenoptera acutorostrata,Missing,Not confirmed or missing,Found on shore,Shore-based evidence,Unknown,FALSE,NA,Unknown outcome,Unknown,Unknown,Atlantic Ocean - North,Atlantic Ocean,NA,Exact date,2009,2009,2009,Exact date,2000s,TRUE,FALSE,FALSE,FALSE,FALSE
533,2007-05-10T00:00:00Z,NA,Atlantic Ocean - North,"Off Wachapreague, VA, USA",Megaptera novaeangliae,humpback whale,NA,Collision,NA,Death,SC/62/ProgRep USA Tim Cole/NEFSC/NEFSC Ref.Doc. 09-04,Not known,Megaptera novaeangliae,Identified to species,Megaptera novaeangliae,Missing,Not confirmed or missing,Collision,Reported collision,Death,TRUE,1,Fatal,Unknown,Unknown,Atlantic Ocean - North,Atlantic Ocean,NA,Exact date,2007,2007,2007,Exact date,2000s,TRUE,TRUE,FALSE,FALSE,TRUE
534,2007-05-13T00:00:00Z,NA,Atlantic Ocean - North,"Rockport, Maine, USA",Megaptera novaeangliae,humpback whale,NA,Collision,NA,Death,SC/62/ProgRep USA Tim Cole/NEFSC/NEFSC Ref.Doc. 09-04,Not known,Megaptera novaeangliae,Identified to species,Megaptera novaeangliae,Missing,Not confirmed or missing,Collision,Reported collision,Death,TRUE,1,Fatal,Unknown,Unknown,Atlantic Ocean - North,Atlantic Ocean,NA,Exact date,2007,2007,2007,Exact date,2000s,TRUE,TRUE,FALSE,FALSE,TRUE
535,2007-06-24T00:00:00Z,NA,Atlantic Ocean - North,"Stellwagen Bank, USA",Megaptera novaeangliae,humpback whale,NA,Collision,NA,Death,SC/62/ProgRep USA Tim Cole/NEFSC/NEFSC Ref.Doc. 09-04,Not known,Megaptera novaeangliae,Identified to species,Megaptera novaeangliae,Missing,Not confirmed or missing,Collision,Reported collision,Death,TRUE,1,Fatal,Unknown,Unknown,Atlantic Ocean - North,Atlantic Ocean,NA,Exact date,2007,2007,2007,Exact date,2000s,TRUE,TRUE,FALSE,FALSE,TRUE
536,2007-03-25T00:00:00Z,NA,Atlantic Ocean - North,"Norfolk Harbour, VA, USA",Balaenoptera physalus,fin whale,NA,Collision,NA,Death,SC/62/ProgRep USA Tim Cole/NEFSC/NEFSC Ref.Doc. 09-04,Not known,Balaenoptera physalus,Identified to species,Balaenoptera physalus,Missing,Not confirmed or missing,Collision,Reported collision,Death,TRUE,1,Fatal,Unknown,Unknown,Atlantic Ocean - North,Atlantic Ocean,NA,Exact date,2007,2007,2007,Exact date,2000s,TRUE,TRUE,FALSE,FALSE,TRUE
537,2007-05-24T00:00:00Z,NA,Atlantic Ocean - North,"Newark Bay, NJ, USA",Balaenoptera physalus,fin whale,NA,Collision,NA,Death,SC/62/ProgRep USA Tim Cole/NEFSC/NEFSC Ref.Doc. 09-04,Not known,Balaenoptera physalus,Identified to species,Balaenoptera physalus,Missing,Not confirmed or missing,Collision,Reported collision,Death,TRUE,1,Fatal,Unknown,Unknown,Atlantic Ocean - North,Atlantic Ocean,NA,Exact date,2007,2007,2007,Exact date,2000s,TRUE,TRUE,FALSE,FALSE,TRUE
538,2007-05-30T00:00:00Z,NA,Atlantic Ocean - North,"Off Deer Island, MA, USA",Balaenoptera borealis,sei whale,NA,Collision,NA,Death,SC/62/ProgRep USA Tim Cole/NEFSC/NEFSC Ref.Doc. 09-04,Not known,Balaenoptera borealis,Identified to species,Balaenoptera borealis,Missing,Not confirmed or missing,Collision,Reported collision,Death,TRUE,1,Fatal,Unknown,Unknown,Atlantic Ocean - North,Atlantic Ocean,NA,Exact date,2007,2007,2007,Exact date,2000s,TRUE,TRUE,FALSE,FALSE,TRUE
